Predicted Breed,ConditionA,ConditionB
whippet,Mitral valve (heart) disease,Anesthesia sensitivity
beagle,Cherry Eye,Epilepsy
bouvier_des_flandres,Hip dysplasia,Elbow dysplasia
sussex_spaniel,Hip dysplasia,Ear infections
sussex_spaniel,Hip dysplasia,Ear infections
komondor,Hip and elbow dysplasia,Bloat
leonberg,Osteosarcoma,Panosteitis
chihuahua,Dental Disease,Patellar luxation
cardigan,Hip and elbow dysplasia,Progressive Retinal Atrophy
pomeranian,Tracheal collapse,Patellar luxation
weimaraner,Hip dysplasia,Bloat
great_pyrenees,Neurological Disorders,Hip Dysplasia
komondor,Hip and elbow dysplasia,Bloat
cocker_spaniel,Ear infections,Eye diseases
shih-tzu,Brachycephalic Syndrome,Eye Problems
great_dane,Gastric dilatation-volvulus,Dilated cardiomyopathy
dingo,Bloating,Hip Dysplasia
bloodhound,Hip/elbow dysplasia,Heart problems
staffordshire_bullterrier,Luxating Patella,Hip Dysplasia
scottish_deerhound,Dilated cardiomyopathy,Cystinuria
australian_terrier,Legg-Calve-Perthes disease,Skin sensitivities and allergies
japanese_spaniel,Brachycephalic airway syndrome,Patellar luxation
norfolk_terrier,Allergies,Cataracts
irish_wolfhound,Dilated Cardiomyopathy,Fibrocartilaginous Embolic Myelopathy
australian_terrier,Legg-Calve-Perthes disease,Skin sensitivities and allergies
scottish_deerhound,Dilated cardiomyopathy,Cystinuria
cairn,Genetic kidney problems,Luxating patella
kuvasz,Progressive retinal atrophy,Bloat
otterhound,Epilepsy,Bloating
shih-tzu,Brachycephalic Syndrome,Eye Problems
shih-tzu,Brachycephalic Syndrome,Eye Problems
chihuahua,Dental Disease,Patellar luxation
cocker_spaniel,Ear infections,Eye diseases
irish_water_spaniel,Lymphoma,Obesity
gordon_setter,Bloat,Hypothyroidism
scottish_deerhound,Dilated cardiomyopathy,Cystinuria
dingo,Bloating,Hip Dysplasia
brabancon_griffon,Luxating Patella,Respiratory Issues
bouvier_des_flandres,Hip dysplasia,Elbow dysplasia
norfolk_terrier,Allergies,Cataracts
bluetick,Bloating,Progressive retinal atrophy
australian_terrier,Legg-Calve-Perthes disease,Skin sensitivities and allergies
bouvier_des_flandres,Hip dysplasia,Elbow dysplasia
english_setter,Bloat,Deafness
boston_bull,Hip Dysplasia,Digestive Issues
afghan_hound,Hip and Elbow Dysplasia,Eye Problems
bloodhound,Hip/elbow dysplasia,Heart problems
african_hunting_dog,Fanconi syndrome,progressive retinal atrophy
pug,Brachycephalic Airway Syndrome,Skin fold infections
gordon_setter,Bloat,Hypothyroidism
kerry_blue_terrier,dermatitis,Hip dysplasia
african_hunting_dog,Fanconi syndrome,progressive retinal atrophy
irish_water_spaniel,Lymphoma,Obesity
irish_water_spaniel,Lymphoma,Obesity
cairn,Genetic kidney problems,Luxating patella
bouvier_des_flandres,Hip dysplasia,Elbow dysplasia
curly-coated_retriever,Hip dysplasia,Eye diseases
norfolk_terrier,Allergies,Cataracts
dhole,Rabies,Parovirus
great_pyrenees,Neurological Disorders,Hip Dysplasia
great_pyrenees,Neurological Disorders,Hip Dysplasia
leonberg,Osteosarcoma,Panosteitis
lakeland_terrier,Legg-Calves-Perthes disease,Bleeding Disorders
norfolk_terrier,Allergies,Cataracts
silky_terrier,Patellar luxation,Tracheal collapse
walker_hound,Degenerative Myelopathy,Ectropion
miniature_schnauzer,Hyperlipidemia,Urinary Stones
gordon_setter,Bloat,Hypothyroidism
gordon_setter,Bloat,Hypothyroidism
australian_terrier,Legg-Calve-Perthes disease,Skin sensitivities and allergies
cocker_spaniel,Ear infections,Eye diseases
scottish_deerhound,Dilated cardiomyopathy,Cystinuria
dhole,Rabies,Parovirus
sussex_spaniel,Hip dysplasia,Ear infections
whippet,Mitral valve (heart) disease,Anesthesia sensitivity
norfolk_terrier,Allergies,Cataracts
great_dane,Gastric dilatation-volvulus,Dilated cardiomyopathy
kerry_blue_terrier,dermatitis,Hip dysplasia
whippet,Mitral valve (heart) disease,Anesthesia sensitivity
vizsla,Hip dysplasia,Epilepsy
malamute,Hip and Elbow Dysplasia,Hypothyroidism
dingo,Bloating,Hip Dysplasia
chihuahua,Dental Disease,Patellar luxation
blenheim_spaniel,Mitral valve disease,Syringomyelia
pekinese,Brachycephalic syndrome,Dry eye syndrome
silky_terrier,Patellar luxation,Tracheal collapse
whippet,Mitral valve (heart) disease,Anesthesia sensitivity
dhole,Rabies,Parovirus
brabancon_griffon,Luxating Patella,Respiratory Issues
japanese_spaniel,Brachycephalic airway syndrome,Patellar luxation
dingo,Bloating,Hip Dysplasia
weimaraner,Hip dysplasia,Bloat
beagle,Cherry Eye,Epilepsy
kerry_blue_terrier,dermatitis,Hip dysplasia
dhole,Rabies,Parovirus
rhodesian_ridgeback,Dermoid sinus,Hip dysplasia
irish_water_spaniel,Lymphoma,Obesity
bouvier_des_flandres,Hip dysplasia,Elbow dysplasia
vizsla,Hip dysplasia,Epilepsy
great_pyrenees,Neurological Disorders,Hip Dysplasia
chihuahua,Dental Disease,Patellar luxation
norfolk_terrier,Allergies,Cataracts
greater_swiss_mountain_dog,Splenic torsion,Bloat
gordon_setter,Bloat,Hypothyroidism
scotch_terrier,Cancer,Von Willebrand's Disease
scottish_deerhound,Dilated cardiomyopathy,Cystinuria
norfolk_terrier,Allergies,Cataracts
gordon_setter,Bloat,Hypothyroidism
dingo,Bloating,Hip Dysplasia
cocker_spaniel,Ear infections,Eye diseases
leonberg,Osteosarcoma,Panosteitis
norfolk_terrier,Allergies,Cataracts
bloodhound,Hip/elbow dysplasia,Heart problems
shih-tzu,Brachycephalic Syndrome,Eye Problems
miniature_schnauzer,Hyperlipidemia,Urinary Stones
great_dane,Gastric dilatation-volvulus,Dilated cardiomyopathy
bluetick,Bloating,Progressive retinal atrophy
australian_terrier,Legg-Calve-Perthes disease,Skin sensitivities and allergies
eskimo_dog,Hip Dysplasia,Progressive Retinal Atrophy
airedale,Hip and elbow dysplasia,Von Willebrand's disease
scottish_deerhound,Dilated cardiomyopathy,Cystinuria
lhasa,progressive retinal atrophy,Cheery eye
african_hunting_dog,Fanconi syndrome,progressive retinal atrophy
rhodesian_ridgeback,Dermoid sinus,Hip dysplasia
gordon_setter,Bloat,Hypothyroidism
kerry_blue_terrier,dermatitis,Hip dysplasia
weimaraner,Hip dysplasia,Bloat
australian_terrier,Legg-Calve-Perthes disease,Skin sensitivities and allergies
whippet,Mitral valve (heart) disease,Anesthesia sensitivity
blenheim_spaniel,Mitral valve disease,Syringomyelia
scottish_deerhound,Dilated cardiomyopathy,Cystinuria
dingo,Bloating,Hip Dysplasia
whippet,Mitral valve (heart) disease,Anesthesia sensitivity
leonberg,Osteosarcoma,Panosteitis
scottish_deerhound,Dilated cardiomyopathy,Cystinuria
vizsla,Hip dysplasia,Epilepsy
cairn,Genetic kidney problems,Luxating patella
beagle,Cherry Eye,Epilepsy
irish_water_spaniel,Lymphoma,Obesity
komondor,Hip and elbow dysplasia,Bloat
airedale,Hip and elbow dysplasia,Von Willebrand's disease
beagle,Cherry Eye,Epilepsy
australian_terrier,Legg-Calve-Perthes disease,Skin sensitivities and allergies
dhole,Rabies,Parovirus
irish_setter,Hip and elbow dysplasia,Bloat
otterhound,Epilepsy,Bloating
cardigan,Hip and elbow dysplasia,Progressive Retinal Atrophy
brabancon_griffon,Luxating Patella,Respiratory Issues
gordon_setter,Bloat,Hypothyroidism
weimaraner,Hip dysplasia,Bloat
komondor,Hip and elbow dysplasia,Bloat
great_pyrenees,Neurological Disorders,Hip Dysplasia
chihuahua,Dental Disease,Patellar luxation
norwegian_elkhound,Progressive retinal atrophy,Kidney problems
bloodhound,Hip/elbow dysplasia,Heart problems
bouvier_des_flandres,Hip dysplasia,Elbow dysplasia
bouvier_des_flandres,Hip dysplasia,Elbow dysplasia
miniature_schnauzer,Hyperlipidemia,Urinary Stones
beagle,Cherry Eye,Epilepsy
irish_setter,Hip and elbow dysplasia,Bloat
airedale,Hip and elbow dysplasia,Von Willebrand's disease
whippet,Mitral valve (heart) disease,Anesthesia sensitivity
bernese_mountain_dog,Cancer,Hip and elbow dysplasia
curly-coated_retriever,Hip dysplasia,Eye diseases
rhodesian_ridgeback,Dermoid sinus,Hip dysplasia
silky_terrier,Patellar luxation,Tracheal collapse
scottish_deerhound,Dilated cardiomyopathy,Cystinuria
scottish_deerhound,Dilated cardiomyopathy,Cystinuria
norfolk_terrier,Allergies,Cataracts
scotch_terrier,Cancer,Von Willebrand's Disease
norfolk_terrier,Allergies,Cataracts
kerry_blue_terrier,dermatitis,Hip dysplasia
whippet,Mitral valve (heart) disease,Anesthesia sensitivity
beagle,Cherry Eye,Epilepsy
scottish_deerhound,Dilated cardiomyopathy,Cystinuria
cocker_spaniel,Ear infections,Eye diseases
great_dane,Gastric dilatation-volvulus,Dilated cardiomyopathy
pomeranian,Tracheal collapse,Patellar luxation
dingo,Bloating,Hip Dysplasia
appenzeller,Hip and elbow dysplasia,Gastric torsion
chow,Hip Dysplasia,Brachycephalic Airway Syndrome
afghan_hound,Hip and Elbow Dysplasia,Eye Problems
beagle,Cherry Eye,Epilepsy
african_hunting_dog,Fanconi syndrome,progressive retinal atrophy
scottish_deerhound,Dilated cardiomyopathy,Cystinuria
cocker_spaniel,Ear infections,Eye diseases
leonberg,Osteosarcoma,Panosteitis
dingo,Bloating,Hip Dysplasia
borzoi,Osteochondritis dissecans,Bloating
whippet,Mitral valve (heart) disease,Anesthesia sensitivity
african_hunting_dog,Fanconi syndrome,progressive retinal atrophy
irish_setter,Hip and elbow dysplasia,Bloat
black-and-tan_coonhound,Hip and elbow dysplasia,Ear infections
lakeland_terrier,Legg-Calves-Perthes disease,Bleeding Disorders
dingo,Bloating,Hip Dysplasia
great_dane,Gastric dilatation-volvulus,Dilated cardiomyopathy
pomeranian,Tracheal collapse,Patellar luxation
shih-tzu,Brachycephalic Syndrome,Eye Problems
gordon_setter,Bloat,Hypothyroidism
keeshond,Hip dysplasia,Patellar luxation
irish_setter,Hip and elbow dysplasia,Bloat
whippet,Mitral valve (heart) disease,Anesthesia sensitivity
bloodhound,Hip/elbow dysplasia,Heart problems
whippet,Mitral valve (heart) disease,Anesthesia sensitivity
black-and-tan_coonhound,Hip and elbow dysplasia,Ear infections
brabancon_griffon,Luxating Patella,Respiratory Issues
redbone,Cancer,Heartworm
scottish_deerhound,Dilated cardiomyopathy,Cystinuria
bloodhound,Hip/elbow dysplasia,Heart problems
lakeland_terrier,Legg-Calves-Perthes disease,Bleeding Disorders
welsh_springer_spaniel,Hip and elbow dysplasia,Ear infections
dingo,Bloating,Hip Dysplasia
shih-tzu,Brachycephalic Syndrome,Eye Problems
dhole,Rabies,Parovirus
rottweiler,Hip dysplasia,Osteosarcoma
pomeranian,Tracheal collapse,Patellar luxation
whippet,Mitral valve (heart) disease,Anesthesia sensitivity
afghan_hound,Hip and Elbow Dysplasia,Eye Problems
welsh_springer_spaniel,Hip and elbow dysplasia,Ear infections
beagle,Cherry Eye,Epilepsy
norfolk_terrier,Allergies,Cataracts
scottish_deerhound,Dilated cardiomyopathy,Cystinuria
scotch_terrier,Cancer,Von Willebrand's Disease
gordon_setter,Bloat,Hypothyroidism
lhasa,progressive retinal atrophy,Cheery eye
dingo,Bloating,Hip Dysplasia
bloodhound,Hip/elbow dysplasia,Heart problems
keeshond,Hip dysplasia,Patellar luxation
norfolk_terrier,Allergies,Cataracts
gordon_setter,Bloat,Hypothyroidism
irish_setter,Hip and elbow dysplasia,Bloat
chihuahua,Dental Disease,Patellar luxation
beagle,Cherry Eye,Epilepsy
schipperke,Patellar luxation,Legg-Calve-Perthes disease
kerry_blue_terrier,dermatitis,Hip dysplasia
leonberg,Osteosarcoma,Panosteitis
weimaraner,Hip dysplasia,Bloat
brittany_spaniel,Hip and elbow dysplasia,Epilepsy
siberian_husky,Seizures,Progressive Retinal Atrophy
beagle,Cherry Eye,Epilepsy
chihuahua,Dental Disease,Patellar luxation
bloodhound,Hip/elbow dysplasia,Heart problems
norfolk_terrier,Allergies,Cataracts
shih-tzu,Brachycephalic Syndrome,Eye Problems
malamute,Hip and Elbow Dysplasia,Hypothyroidism
black-and-tan_coonhound,Hip and elbow dysplasia,Ear infections
gordon_setter,Bloat,Hypothyroidism
scotch_terrier,Cancer,Von Willebrand's Disease
kuvasz,Progressive retinal atrophy,Bloat
australian_terrier,Legg-Calve-Perthes disease,Skin sensitivities and allergies
kuvasz,Progressive retinal atrophy,Bloat
irish_water_spaniel,Lymphoma,Obesity
brabancon_griffon,Luxating Patella,Respiratory Issues
appenzeller,Hip and elbow dysplasia,Gastric torsion
bedlington_terrier,Von Willebrand’s disease,Liver disease
dingo,Bloating,Hip Dysplasia
australian_terrier,Legg-Calve-Perthes disease,Skin sensitivities and allergies
pekinese,Brachycephalic syndrome,Dry eye syndrome
scottish_deerhound,Dilated cardiomyopathy,Cystinuria
scottish_deerhound,Dilated cardiomyopathy,Cystinuria
staffordshire_bullterrier,Luxating Patella,Hip Dysplasia
chihuahua,Dental Disease,Patellar luxation
chihuahua,Dental Disease,Patellar luxation
african_hunting_dog,Fanconi syndrome,progressive retinal atrophy
dandie_dinmont,Glaucoma,Intervertebral Disc Disease
cocker_spaniel,Ear infections,Eye diseases
cocker_spaniel,Ear infections,Eye diseases
brittany_spaniel,Hip and elbow dysplasia,Epilepsy
great_pyrenees,Neurological Disorders,Hip Dysplasia
chihuahua,Dental Disease,Patellar luxation
norfolk_terrier,Allergies,Cataracts
scottish_deerhound,Dilated cardiomyopathy,Cystinuria
beagle,Cherry Eye,Epilepsy
english_setter,Bloat,Deafness
sussex_spaniel,Hip dysplasia,Ear infections
chihuahua,Dental Disease,Patellar luxation
kerry_blue_terrier,dermatitis,Hip dysplasia
cocker_spaniel,Ear infections,Eye diseases
kuvasz,Progressive retinal atrophy,Bloat
irish_water_spaniel,Lymphoma,Obesity
chihuahua,Dental Disease,Patellar luxation
leonberg,Osteosarcoma,Panosteitis
dingo,Bloating,Hip Dysplasia
norfolk_terrier,Allergies,Cataracts
irish_water_spaniel,Lymphoma,Obesity
komondor,Hip and elbow dysplasia,Bloat
weimaraner,Hip dysplasia,Bloat
weimaraner,Hip dysplasia,Bloat
wire-haired_fox_terrier,Lens luxation ,Patella luxation
great_pyrenees,Neurological Disorders,Hip Dysplasia
irish_wolfhound,Dilated Cardiomyopathy,Fibrocartilaginous Embolic Myelopathy
appenzeller,Hip and elbow dysplasia,Gastric torsion
pembroke,Hip dysplasia,Intervertebral disc disease
lhasa,progressive retinal atrophy,Cheery eye
bloodhound,Hip/elbow dysplasia,Heart problems
pomeranian,Tracheal collapse,Patellar luxation
african_hunting_dog,Fanconi syndrome,progressive retinal atrophy
gordon_setter,Bloat,Hypothyroidism
irish_setter,Hip and elbow dysplasia,Bloat
leonberg,Osteosarcoma,Panosteitis
bouvier_des_flandres,Hip dysplasia,Elbow dysplasia
great_pyrenees,Neurological Disorders,Hip Dysplasia
shih-tzu,Brachycephalic Syndrome,Eye Problems
airedale,Hip and elbow dysplasia,Von Willebrand's disease
weimaraner,Hip dysplasia,Bloat
shih-tzu,Brachycephalic Syndrome,Eye Problems
sussex_spaniel,Hip dysplasia,Ear infections
scottish_deerhound,Dilated cardiomyopathy,Cystinuria
whippet,Mitral valve (heart) disease,Anesthesia sensitivity
komondor,Hip and elbow dysplasia,Bloat
komondor,Hip and elbow dysplasia,Bloat
norfolk_terrier,Allergies,Cataracts
chihuahua,Dental Disease,Patellar luxation
scottish_deerhound,Dilated cardiomyopathy,Cystinuria
bloodhound,Hip/elbow dysplasia,Heart problems
beagle,Cherry Eye,Epilepsy
australian_terrier,Legg-Calve-Perthes disease,Skin sensitivities and allergies
australian_terrier,Legg-Calve-Perthes disease,Skin sensitivities and allergies
dhole,Rabies,Parovirus
walker_hound,Degenerative Myelopathy,Ectropion
chihuahua,Dental Disease,Patellar luxation
lakeland_terrier,Legg-Calves-Perthes disease,Bleeding Disorders
bernese_mountain_dog,Cancer,Hip and elbow dysplasia
border_terrier,GBM,Cushing’s disease
norfolk_terrier,Allergies,Cataracts
sussex_spaniel,Hip dysplasia,Ear infections
weimaraner,Hip dysplasia,Bloat
gordon_setter,Bloat,Hypothyroidism
kerry_blue_terrier,dermatitis,Hip dysplasia
norfolk_terrier,Allergies,Cataracts
dingo,Bloating,Hip Dysplasia
sussex_spaniel,Hip dysplasia,Ear infections
scottish_deerhound,Dilated cardiomyopathy,Cystinuria
dingo,Bloating,Hip Dysplasia
english_setter,Bloat,Deafness
kerry_blue_terrier,dermatitis,Hip dysplasia
beagle,Cherry Eye,Epilepsy
australian_terrier,Legg-Calve-Perthes disease,Skin sensitivities and allergies
great_pyrenees,Neurological Disorders,Hip Dysplasia
brabancon_griffon,Luxating Patella,Respiratory Issues
pekinese,Brachycephalic syndrome,Dry eye syndrome
norfolk_terrier,Allergies,Cataracts
scottish_deerhound,Dilated cardiomyopathy,Cystinuria
beagle,Cherry Eye,Epilepsy
kuvasz,Progressive retinal atrophy,Bloat
pomeranian,Tracheal collapse,Patellar luxation
beagle,Cherry Eye,Epilepsy
dingo,Bloating,Hip Dysplasia
japanese_spaniel,Brachycephalic airway syndrome,Patellar luxation
cocker_spaniel,Ear infections,Eye diseases
norwegian_elkhound,Progressive retinal atrophy,Kidney problems
kerry_blue_terrier,dermatitis,Hip dysplasia
dingo,Bloating,Hip Dysplasia
dhole,Rabies,Parovirus
lhasa,progressive retinal atrophy,Cheery eye
blenheim_spaniel,Mitral valve disease,Syringomyelia
komondor,Hip and elbow dysplasia,Bloat
kerry_blue_terrier,dermatitis,Hip dysplasia
scottish_deerhound,Dilated cardiomyopathy,Cystinuria
leonberg,Osteosarcoma,Panosteitis
bloodhound,Hip/elbow dysplasia,Heart problems
dhole,Rabies,Parovirus
bloodhound,Hip/elbow dysplasia,Heart problems
english_setter,Bloat,Deafness
gordon_setter,Bloat,Hypothyroidism
australian_terrier,Legg-Calve-Perthes disease,Skin sensitivities and allergies
toy_poodle,Hip dysplasia,Progressive retinal atrophy
silky_terrier,Patellar luxation,Tracheal collapse
chihuahua,Dental Disease,Patellar luxation
weimaraner,Hip dysplasia,Bloat
scottish_deerhound,Dilated cardiomyopathy,Cystinuria
lakeland_terrier,Legg-Calves-Perthes disease,Bleeding Disorders
beagle,Cherry Eye,Epilepsy
scottish_deerhound,Dilated cardiomyopathy,Cystinuria
norfolk_terrier,Allergies,Cataracts
black-and-tan_coonhound,Hip and elbow dysplasia,Ear infections
scottish_deerhound,Dilated cardiomyopathy,Cystinuria
sussex_spaniel,Hip dysplasia,Ear infections
lhasa,progressive retinal atrophy,Cheery eye
sussex_spaniel,Hip dysplasia,Ear infections
whippet,Mitral valve (heart) disease,Anesthesia sensitivity
irish_wolfhound,Dilated Cardiomyopathy,Fibrocartilaginous Embolic Myelopathy
shih-tzu,Brachycephalic Syndrome,Eye Problems
cocker_spaniel,Ear infections,Eye diseases
bernese_mountain_dog,Cancer,Hip and elbow dysplasia
dingo,Bloating,Hip Dysplasia
irish_water_spaniel,Lymphoma,Obesity
beagle,Cherry Eye,Epilepsy
cairn,Genetic kidney problems,Luxating patella
weimaraner,Hip dysplasia,Bloat
great_dane,Gastric dilatation-volvulus,Dilated cardiomyopathy
beagle,Cherry Eye,Epilepsy
leonberg,Osteosarcoma,Panosteitis
beagle,Cherry Eye,Epilepsy
shih-tzu,Brachycephalic Syndrome,Eye Problems
cocker_spaniel,Ear infections,Eye diseases
sussex_spaniel,Hip dysplasia,Ear infections
beagle,Cherry Eye,Epilepsy
australian_terrier,Legg-Calve-Perthes disease,Skin sensitivities and allergies
beagle,Cherry Eye,Epilepsy
toy_poodle,Hip dysplasia,Progressive retinal atrophy
english_setter,Bloat,Deafness
dingo,Bloating,Hip Dysplasia
airedale,Hip and elbow dysplasia,Von Willebrand's disease
irish_water_spaniel,Lymphoma,Obesity
scottish_deerhound,Dilated cardiomyopathy,Cystinuria
shih-tzu,Brachycephalic Syndrome,Eye Problems
japanese_spaniel,Brachycephalic airway syndrome,Patellar luxation
norfolk_terrier,Allergies,Cataracts
standard_schnauzer,Hypothyroidism,Hemophilia
siberian_husky,Seizures,Progressive Retinal Atrophy
great_pyrenees,Neurological Disorders,Hip Dysplasia
australian_terrier,Legg-Calve-Perthes disease,Skin sensitivities and allergies
ibizan_hound,Hip dysplasia,Autoimmune thyroiditis
whippet,Mitral valve (heart) disease,Anesthesia sensitivity
african_hunting_dog,Fanconi syndrome,progressive retinal atrophy
cocker_spaniel,Ear infections,Eye diseases
beagle,Cherry Eye,Epilepsy
miniature_schnauzer,Hyperlipidemia,Urinary Stones
great_dane,Gastric dilatation-volvulus,Dilated cardiomyopathy
shih-tzu,Brachycephalic Syndrome,Eye Problems
leonberg,Osteosarcoma,Panosteitis
sussex_spaniel,Hip dysplasia,Ear infections
norfolk_terrier,Allergies,Cataracts
great_dane,Gastric dilatation-volvulus,Dilated cardiomyopathy
sussex_spaniel,Hip dysplasia,Ear infections
redbone,Cancer,Heartworm
irish_setter,Hip and elbow dysplasia,Bloat
scottish_deerhound,Dilated cardiomyopathy,Cystinuria
pekinese,Brachycephalic syndrome,Dry eye syndrome
beagle,Cherry Eye,Epilepsy
whippet,Mitral valve (heart) disease,Anesthesia sensitivity
dingo,Bloating,Hip Dysplasia
shih-tzu,Brachycephalic Syndrome,Eye Problems
dingo,Bloating,Hip Dysplasia
tibetan_terrier,Patellar luxation,Primary lens luxation
rhodesian_ridgeback,Dermoid sinus,Hip dysplasia
bouvier_des_flandres,Hip dysplasia,Elbow dysplasia
keeshond,Hip dysplasia,Patellar luxation
gordon_setter,Bloat,Hypothyroidism
welsh_springer_spaniel,Hip and elbow dysplasia,Ear infections
gordon_setter,Bloat,Hypothyroidism
dandie_dinmont,Glaucoma,Intervertebral Disc Disease
shih-tzu,Brachycephalic Syndrome,Eye Problems
norfolk_terrier,Allergies,Cataracts
shih-tzu,Brachycephalic Syndrome,Eye Problems
sussex_spaniel,Hip dysplasia,Ear infections
norwegian_elkhound,Progressive retinal atrophy,Kidney problems
dingo,Bloating,Hip Dysplasia
cairn,Genetic kidney problems,Luxating patella
cardigan,Hip and elbow dysplasia,Progressive Retinal Atrophy
beagle,Cherry Eye,Epilepsy
beagle,Cherry Eye,Epilepsy
bloodhound,Hip/elbow dysplasia,Heart problems
norwegian_elkhound,Progressive retinal atrophy,Kidney problems
bouvier_des_flandres,Hip dysplasia,Elbow dysplasia
walker_hound,Degenerative Myelopathy,Ectropion
irish_wolfhound,Dilated Cardiomyopathy,Fibrocartilaginous Embolic Myelopathy
lakeland_terrier,Legg-Calves-Perthes disease,Bleeding Disorders
dhole,Rabies,Parovirus
airedale,Hip and elbow dysplasia,Von Willebrand's disease
australian_terrier,Legg-Calve-Perthes disease,Skin sensitivities and allergies
siberian_husky,Seizures,Progressive Retinal Atrophy
great_pyrenees,Neurological Disorders,Hip Dysplasia
cocker_spaniel,Ear infections,Eye diseases
cairn,Genetic kidney problems,Luxating patella
irish_wolfhound,Dilated Cardiomyopathy,Fibrocartilaginous Embolic Myelopathy
irish_wolfhound,Dilated Cardiomyopathy,Fibrocartilaginous Embolic Myelopathy
pomeranian,Tracheal collapse,Patellar luxation
redbone,Cancer,Heartworm
kerry_blue_terrier,dermatitis,Hip dysplasia
chihuahua,Dental Disease,Patellar luxation
pekinese,Brachycephalic syndrome,Dry eye syndrome
shih-tzu,Brachycephalic Syndrome,Eye Problems
australian_terrier,Legg-Calve-Perthes disease,Skin sensitivities and allergies
tibetan_terrier,Patellar luxation,Primary lens luxation
otterhound,Epilepsy,Bloating
bernese_mountain_dog,Cancer,Hip and elbow dysplasia
leonberg,Osteosarcoma,Panosteitis
whippet,Mitral valve (heart) disease,Anesthesia sensitivity
beagle,Cherry Eye,Epilepsy
beagle,Cherry Eye,Epilepsy
australian_terrier,Legg-Calve-Perthes disease,Skin sensitivities and allergies
beagle,Cherry Eye,Epilepsy
dhole,Rabies,Parovirus
afghan_hound,Hip and Elbow Dysplasia,Eye Problems
australian_terrier,Legg-Calve-Perthes disease,Skin sensitivities and allergies
norfolk_terrier,Allergies,Cataracts
pomeranian,Tracheal collapse,Patellar luxation
whippet,Mitral valve (heart) disease,Anesthesia sensitivity
norwegian_elkhound,Progressive retinal atrophy,Kidney problems
pug,Brachycephalic Airway Syndrome,Skin fold infections
norfolk_terrier,Allergies,Cataracts
blenheim_spaniel,Mitral valve disease,Syringomyelia
weimaraner,Hip dysplasia,Bloat
norfolk_terrier,Allergies,Cataracts
african_hunting_dog,Fanconi syndrome,progressive retinal atrophy
shih-tzu,Brachycephalic Syndrome,Eye Problems
sussex_spaniel,Hip dysplasia,Ear infections
dingo,Bloating,Hip Dysplasia
shih-tzu,Brachycephalic Syndrome,Eye Problems
irish_wolfhound,Dilated Cardiomyopathy,Fibrocartilaginous Embolic Myelopathy
bouvier_des_flandres,Hip dysplasia,Elbow dysplasia
great_pyrenees,Neurological Disorders,Hip Dysplasia
silky_terrier,Patellar luxation,Tracheal collapse
bouvier_des_flandres,Hip dysplasia,Elbow dysplasia
rhodesian_ridgeback,Dermoid sinus,Hip dysplasia
komondor,Hip and elbow dysplasia,Bloat
cocker_spaniel,Ear infections,Eye diseases
staffordshire_bullterrier,Luxating Patella,Hip Dysplasia
welsh_springer_spaniel,Hip and elbow dysplasia,Ear infections
great_dane,Gastric dilatation-volvulus,Dilated cardiomyopathy
great_pyrenees,Neurological Disorders,Hip Dysplasia
collie,Collie Eye Anomaly,Osteochondritis Dissecans
gordon_setter,Bloat,Hypothyroidism
great_pyrenees,Neurological Disorders,Hip Dysplasia
curly-coated_retriever,Hip dysplasia,Eye diseases
australian_terrier,Legg-Calve-Perthes disease,Skin sensitivities and allergies
komondor,Hip and elbow dysplasia,Bloat
lhasa,progressive retinal atrophy,Cheery eye
affenpinscher,patellar luxation,Hip Dysplasia
dingo,Bloating,Hip Dysplasia
affenpinscher,patellar luxation,Hip Dysplasia
scottish_deerhound,Dilated cardiomyopathy,Cystinuria
gordon_setter,Bloat,Hypothyroidism
irish_setter,Hip and elbow dysplasia,Bloat
sussex_spaniel,Hip dysplasia,Ear infections
norfolk_terrier,Allergies,Cataracts
cairn,Genetic kidney problems,Luxating patella
bernese_mountain_dog,Cancer,Hip and elbow dysplasia
sussex_spaniel,Hip dysplasia,Ear infections
cocker_spaniel,Ear infections,Eye diseases
norfolk_terrier,Allergies,Cataracts
affenpinscher,patellar luxation,Hip Dysplasia
english_setter,Bloat,Deafness
kerry_blue_terrier,dermatitis,Hip dysplasia
chihuahua,Dental Disease,Patellar luxation
weimaraner,Hip dysplasia,Bloat
walker_hound,Degenerative Myelopathy,Ectropion
cardigan,Hip and elbow dysplasia,Progressive Retinal Atrophy
black-and-tan_coonhound,Hip and elbow dysplasia,Ear infections
pomeranian,Tracheal collapse,Patellar luxation
lhasa,progressive retinal atrophy,Cheery eye
great_dane,Gastric dilatation-volvulus,Dilated cardiomyopathy
sussex_spaniel,Hip dysplasia,Ear infections
great_pyrenees,Neurological Disorders,Hip Dysplasia
scottish_deerhound,Dilated cardiomyopathy,Cystinuria
japanese_spaniel,Brachycephalic airway syndrome,Patellar luxation
beagle,Cherry Eye,Epilepsy
lhasa,progressive retinal atrophy,Cheery eye
beagle,Cherry Eye,Epilepsy
whippet,Mitral valve (heart) disease,Anesthesia sensitivity
rhodesian_ridgeback,Dermoid sinus,Hip dysplasia
irish_setter,Hip and elbow dysplasia,Bloat
leonberg,Osteosarcoma,Panosteitis
beagle,Cherry Eye,Epilepsy
bloodhound,Hip/elbow dysplasia,Heart problems
irish_water_spaniel,Lymphoma,Obesity
komondor,Hip and elbow dysplasia,Bloat
norfolk_terrier,Allergies,Cataracts
weimaraner,Hip dysplasia,Bloat
scottish_deerhound,Dilated cardiomyopathy,Cystinuria
english_setter,Bloat,Deafness
weimaraner,Hip dysplasia,Bloat
afghan_hound,Hip and Elbow Dysplasia,Eye Problems
beagle,Cherry Eye,Epilepsy
cocker_spaniel,Ear infections,Eye diseases
maltese_dog,Heart Problems,Liver Shunt
bernese_mountain_dog,Cancer,Hip and elbow dysplasia
chihuahua,Dental Disease,Patellar luxation
italian_greyhound,Dental Disease,Eye Problems
chihuahua,Dental Disease,Patellar luxation
sussex_spaniel,Hip dysplasia,Ear infections
bouvier_des_flandres,Hip dysplasia,Elbow dysplasia
chihuahua,Dental Disease,Patellar luxation
scottish_deerhound,Dilated cardiomyopathy,Cystinuria
silky_terrier,Patellar luxation,Tracheal collapse
norfolk_terrier,Allergies,Cataracts
beagle,Cherry Eye,Epilepsy
australian_terrier,Legg-Calve-Perthes disease,Skin sensitivities and allergies
bouvier_des_flandres,Hip dysplasia,Elbow dysplasia
scottish_deerhound,Dilated cardiomyopathy,Cystinuria
irish_setter,Hip and elbow dysplasia,Bloat
great_pyrenees,Neurological Disorders,Hip Dysplasia
dingo,Bloating,Hip Dysplasia
irish_wolfhound,Dilated Cardiomyopathy,Fibrocartilaginous Embolic Myelopathy
scottish_deerhound,Dilated cardiomyopathy,Cystinuria
norfolk_terrier,Allergies,Cataracts
leonberg,Osteosarcoma,Panosteitis
otterhound,Epilepsy,Bloating
chihuahua,Dental Disease,Patellar luxation
sussex_spaniel,Hip dysplasia,Ear infections
shih-tzu,Brachycephalic Syndrome,Eye Problems
eskimo_dog,Hip Dysplasia,Progressive Retinal Atrophy
leonberg,Osteosarcoma,Panosteitis
clumber,Hip and Elbow Dysplasia,Hypothyroidism
cocker_spaniel,Ear infections,Eye diseases
chihuahua,Dental Disease,Patellar luxation
brabancon_griffon,Luxating Patella,Respiratory Issues
bull_mastiff,Skeletal and joint problems,Cancer
lakeland_terrier,Legg-Calves-Perthes disease,Bleeding Disorders
siberian_husky,Seizures,Progressive Retinal Atrophy
leonberg,Osteosarcoma,Panosteitis
cardigan,Hip and elbow dysplasia,Progressive Retinal Atrophy
chihuahua,Dental Disease,Patellar luxation
great_dane,Gastric dilatation-volvulus,Dilated cardiomyopathy
blenheim_spaniel,Mitral valve disease,Syringomyelia
weimaraner,Hip dysplasia,Bloat
kerry_blue_terrier,dermatitis,Hip dysplasia
norwegian_elkhound,Progressive retinal atrophy,Kidney problems
beagle,Cherry Eye,Epilepsy
beagle,Cherry Eye,Epilepsy
scottish_deerhound,Dilated cardiomyopathy,Cystinuria
great_dane,Gastric dilatation-volvulus,Dilated cardiomyopathy
pomeranian,Tracheal collapse,Patellar luxation
blenheim_spaniel,Mitral valve disease,Syringomyelia
bernese_mountain_dog,Cancer,Hip and elbow dysplasia
german_short-haired_pointer,Hip dysplasia,Bloat / gastric torsion
norfolk_terrier,Allergies,Cataracts
redbone,Cancer,Heartworm
beagle,Cherry Eye,Epilepsy
weimaraner,Hip dysplasia,Bloat
kerry_blue_terrier,dermatitis,Hip dysplasia
silky_terrier,Patellar luxation,Tracheal collapse
bernese_mountain_dog,Cancer,Hip and elbow dysplasia
great_pyrenees,Neurological Disorders,Hip Dysplasia
otterhound,Epilepsy,Bloating
whippet,Mitral valve (heart) disease,Anesthesia sensitivity
sussex_spaniel,Hip dysplasia,Ear infections
weimaraner,Hip dysplasia,Bloat
scottish_deerhound,Dilated cardiomyopathy,Cystinuria
malamute,Hip and Elbow Dysplasia,Hypothyroidism
brabancon_griffon,Luxating Patella,Respiratory Issues
black-and-tan_coonhound,Hip and elbow dysplasia,Ear infections
great_pyrenees,Neurological Disorders,Hip Dysplasia
shih-tzu,Brachycephalic Syndrome,Eye Problems
german_short-haired_pointer,Hip dysplasia,Bloat / gastric torsion
curly-coated_retriever,Hip dysplasia,Eye diseases
weimaraner,Hip dysplasia,Bloat
chow,Hip Dysplasia,Brachycephalic Airway Syndrome
great_pyrenees,Neurological Disorders,Hip Dysplasia
ibizan_hound,Hip dysplasia,Autoimmune thyroiditis
australian_terrier,Legg-Calve-Perthes disease,Skin sensitivities and allergies
scottish_deerhound,Dilated cardiomyopathy,Cystinuria
lhasa,progressive retinal atrophy,Cheery eye
pomeranian,Tracheal collapse,Patellar luxation
kerry_blue_terrier,dermatitis,Hip dysplasia
scottish_deerhound,Dilated cardiomyopathy,Cystinuria
pomeranian,Tracheal collapse,Patellar luxation
weimaraner,Hip dysplasia,Bloat
cairn,Genetic kidney problems,Luxating patella
weimaraner,Hip dysplasia,Bloat
rhodesian_ridgeback,Dermoid sinus,Hip dysplasia
great_pyrenees,Neurological Disorders,Hip Dysplasia
malamute,Hip and Elbow Dysplasia,Hypothyroidism
bouvier_des_flandres,Hip dysplasia,Elbow dysplasia
irish_wolfhound,Dilated Cardiomyopathy,Fibrocartilaginous Embolic Myelopathy
gordon_setter,Bloat,Hypothyroidism
chesapeake_bay_retriever,Hip and Elbow Dysplasia,Osteochondritis Dissecans
rhodesian_ridgeback,Dermoid sinus,Hip dysplasia
beagle,Cherry Eye,Epilepsy
cardigan,Hip and elbow dysplasia,Progressive Retinal Atrophy
irish_setter,Hip and elbow dysplasia,Bloat
miniature_schnauzer,Hyperlipidemia,Urinary Stones
bouvier_des_flandres,Hip dysplasia,Elbow dysplasia
kerry_blue_terrier,dermatitis,Hip dysplasia
scottish_deerhound,Dilated cardiomyopathy,Cystinuria
great_dane,Gastric dilatation-volvulus,Dilated cardiomyopathy
leonberg,Osteosarcoma,Panosteitis
great_pyrenees,Neurological Disorders,Hip Dysplasia
dingo,Bloating,Hip Dysplasia
leonberg,Osteosarcoma,Panosteitis
beagle,Cherry Eye,Epilepsy
leonberg,Osteosarcoma,Panosteitis
weimaraner,Hip dysplasia,Bloat
australian_terrier,Legg-Calve-Perthes disease,Skin sensitivities and allergies
sussex_spaniel,Hip dysplasia,Ear infections
gordon_setter,Bloat,Hypothyroidism
airedale,Hip and elbow dysplasia,Von Willebrand's disease
irish_water_spaniel,Lymphoma,Obesity
dingo,Bloating,Hip Dysplasia
sussex_spaniel,Hip dysplasia,Ear infections
weimaraner,Hip dysplasia,Bloat
sussex_spaniel,Hip dysplasia,Ear infections
dingo,Bloating,Hip Dysplasia
dingo,Bloating,Hip Dysplasia
kerry_blue_terrier,dermatitis,Hip dysplasia
bouvier_des_flandres,Hip dysplasia,Elbow dysplasia
great_pyrenees,Neurological Disorders,Hip Dysplasia
afghan_hound,Hip and Elbow Dysplasia,Eye Problems
redbone,Cancer,Heartworm
dingo,Bloating,Hip Dysplasia
airedale,Hip and elbow dysplasia,Von Willebrand's disease
bloodhound,Hip/elbow dysplasia,Heart problems
chihuahua,Dental Disease,Patellar luxation
chihuahua,Dental Disease,Patellar luxation
tibetan_terrier,Patellar luxation,Primary lens luxation
whippet,Mitral valve (heart) disease,Anesthesia sensitivity
welsh_springer_spaniel,Hip and elbow dysplasia,Ear infections
silky_terrier,Patellar luxation,Tracheal collapse
chihuahua,Dental Disease,Patellar luxation
irish_setter,Hip and elbow dysplasia,Bloat
cocker_spaniel,Ear infections,Eye diseases
sussex_spaniel,Hip dysplasia,Ear infections
malamute,Hip and Elbow Dysplasia,Hypothyroidism
gordon_setter,Bloat,Hypothyroidism
kerry_blue_terrier,dermatitis,Hip dysplasia
australian_terrier,Legg-Calve-Perthes disease,Skin sensitivities and allergies
norfolk_terrier,Allergies,Cataracts
whippet,Mitral valve (heart) disease,Anesthesia sensitivity
sussex_spaniel,Hip dysplasia,Ear infections
norfolk_terrier,Allergies,Cataracts
kerry_blue_terrier,dermatitis,Hip dysplasia
dingo,Bloating,Hip Dysplasia
brabancon_griffon,Luxating Patella,Respiratory Issues
australian_terrier,Legg-Calve-Perthes disease,Skin sensitivities and allergies
scottish_deerhound,Dilated cardiomyopathy,Cystinuria
australian_terrier,Legg-Calve-Perthes disease,Skin sensitivities and allergies
leonberg,Osteosarcoma,Panosteitis
scottish_deerhound,Dilated cardiomyopathy,Cystinuria
chihuahua,Dental Disease,Patellar luxation
scottish_deerhound,Dilated cardiomyopathy,Cystinuria
weimaraner,Hip dysplasia,Bloat
shih-tzu,Brachycephalic Syndrome,Eye Problems
pembroke,Hip dysplasia,Intervertebral disc disease
sussex_spaniel,Hip dysplasia,Ear infections
great_pyrenees,Neurological Disorders,Hip Dysplasia
ibizan_hound,Hip dysplasia,Autoimmune thyroiditis
scottish_deerhound,Dilated cardiomyopathy,Cystinuria
beagle,Cherry Eye,Epilepsy
beagle,Cherry Eye,Epilepsy
staffordshire_bullterrier,Luxating Patella,Hip Dysplasia
beagle,Cherry Eye,Epilepsy
airedale,Hip and elbow dysplasia,Von Willebrand's disease
black-and-tan_coonhound,Hip and elbow dysplasia,Ear infections
beagle,Cherry Eye,Epilepsy
leonberg,Osteosarcoma,Panosteitis
english_setter,Bloat,Deafness
scottish_deerhound,Dilated cardiomyopathy,Cystinuria
shih-tzu,Brachycephalic Syndrome,Eye Problems
african_hunting_dog,Fanconi syndrome,progressive retinal atrophy
weimaraner,Hip dysplasia,Bloat
leonberg,Osteosarcoma,Panosteitis
afghan_hound,Hip and Elbow Dysplasia,Eye Problems
bloodhound,Hip/elbow dysplasia,Heart problems
chow,Hip Dysplasia,Brachycephalic Airway Syndrome
gordon_setter,Bloat,Hypothyroidism
japanese_spaniel,Brachycephalic airway syndrome,Patellar luxation
bouvier_des_flandres,Hip dysplasia,Elbow dysplasia
leonberg,Osteosarcoma,Panosteitis
norfolk_terrier,Allergies,Cataracts
great_pyrenees,Neurological Disorders,Hip Dysplasia
kuvasz,Progressive retinal atrophy,Bloat
irish_water_spaniel,Lymphoma,Obesity
staffordshire_bullterrier,Luxating Patella,Hip Dysplasia
whippet,Mitral valve (heart) disease,Anesthesia sensitivity
beagle,Cherry Eye,Epilepsy
shih-tzu,Brachycephalic Syndrome,Eye Problems
african_hunting_dog,Fanconi syndrome,progressive retinal atrophy
chihuahua,Dental Disease,Patellar luxation
great_dane,Gastric dilatation-volvulus,Dilated cardiomyopathy
african_hunting_dog,Fanconi syndrome,progressive retinal atrophy
australian_terrier,Legg-Calve-Perthes disease,Skin sensitivities and allergies
leonberg,Osteosarcoma,Panosteitis
scottish_deerhound,Dilated cardiomyopathy,Cystinuria
chihuahua,Dental Disease,Patellar luxation
african_hunting_dog,Fanconi syndrome,progressive retinal atrophy
lakeland_terrier,Legg-Calves-Perthes disease,Bleeding Disorders
bloodhound,Hip/elbow dysplasia,Heart problems
bouvier_des_flandres,Hip dysplasia,Elbow dysplasia
rhodesian_ridgeback,Dermoid sinus,Hip dysplasia
malinois,Hip and elbow dysplasia,Progressive Retinal Atrophy
bernese_mountain_dog,Cancer,Hip and elbow dysplasia
dingo,Bloating,Hip Dysplasia
shih-tzu,Brachycephalic Syndrome,Eye Problems
leonberg,Osteosarcoma,Panosteitis
chihuahua,Dental Disease,Patellar luxation
beagle,Cherry Eye,Epilepsy
leonberg,Osteosarcoma,Panosteitis
brabancon_griffon,Luxating Patella,Respiratory Issues
gordon_setter,Bloat,Hypothyroidism
cairn,Genetic kidney problems,Luxating patella
cocker_spaniel,Ear infections,Eye diseases
beagle,Cherry Eye,Epilepsy
dhole,Rabies,Parovirus
leonberg,Osteosarcoma,Panosteitis
kerry_blue_terrier,dermatitis,Hip dysplasia
australian_terrier,Legg-Calve-Perthes disease,Skin sensitivities and allergies
gordon_setter,Bloat,Hypothyroidism
bloodhound,Hip/elbow dysplasia,Heart problems
affenpinscher,patellar luxation,Hip Dysplasia
whippet,Mitral valve (heart) disease,Anesthesia sensitivity
beagle,Cherry Eye,Epilepsy
english_setter,Bloat,Deafness
cairn,Genetic kidney problems,Luxating patella
cairn,Genetic kidney problems,Luxating patella
brabancon_griffon,Luxating Patella,Respiratory Issues
scottish_deerhound,Dilated cardiomyopathy,Cystinuria
dingo,Bloating,Hip Dysplasia
bloodhound,Hip/elbow dysplasia,Heart problems
blenheim_spaniel,Mitral valve disease,Syringomyelia
dingo,Bloating,Hip Dysplasia
chihuahua,Dental Disease,Patellar luxation
sussex_spaniel,Hip dysplasia,Ear infections
sussex_spaniel,Hip dysplasia,Ear infections
beagle,Cherry Eye,Epilepsy
eskimo_dog,Hip Dysplasia,Progressive Retinal Atrophy
miniature_schnauzer,Hyperlipidemia,Urinary Stones
gordon_setter,Bloat,Hypothyroidism
cocker_spaniel,Ear infections,Eye diseases
irish_water_spaniel,Lymphoma,Obesity
shih-tzu,Brachycephalic Syndrome,Eye Problems
weimaraner,Hip dysplasia,Bloat
collie,Collie Eye Anomaly,Osteochondritis Dissecans
chihuahua,Dental Disease,Patellar luxation
dingo,Bloating,Hip Dysplasia
gordon_setter,Bloat,Hypothyroidism
bernese_mountain_dog,Cancer,Hip and elbow dysplasia
weimaraner,Hip dysplasia,Bloat
mexican_hairless,Adolescent acne,Skin sensitivity
whippet,Mitral valve (heart) disease,Anesthesia sensitivity
whippet,Mitral valve (heart) disease,Anesthesia sensitivity
weimaraner,Hip dysplasia,Bloat
chihuahua,Dental Disease,Patellar luxation
gordon_setter,Bloat,Hypothyroidism
whippet,Mitral valve (heart) disease,Anesthesia sensitivity
african_hunting_dog,Fanconi syndrome,progressive retinal atrophy
brittany_spaniel,Hip and elbow dysplasia,Epilepsy
australian_terrier,Legg-Calve-Perthes disease,Skin sensitivities and allergies
pomeranian,Tracheal collapse,Patellar luxation
great_pyrenees,Neurological Disorders,Hip Dysplasia
lhasa,progressive retinal atrophy,Cheery eye
japanese_spaniel,Brachycephalic airway syndrome,Patellar luxation
great_dane,Gastric dilatation-volvulus,Dilated cardiomyopathy
chihuahua,Dental Disease,Patellar luxation
shih-tzu,Brachycephalic Syndrome,Eye Problems
sussex_spaniel,Hip dysplasia,Ear infections
leonberg,Osteosarcoma,Panosteitis
bedlington_terrier,Von Willebrand’s disease,Liver disease
leonberg,Osteosarcoma,Panosteitis
leonberg,Osteosarcoma,Panosteitis
shih-tzu,Brachycephalic Syndrome,Eye Problems
affenpinscher,patellar luxation,Hip Dysplasia
malamute,Hip and Elbow Dysplasia,Hypothyroidism
black-and-tan_coonhound,Hip and elbow dysplasia,Ear infections
brabancon_griffon,Luxating Patella,Respiratory Issues
scottish_deerhound,Dilated cardiomyopathy,Cystinuria
australian_terrier,Legg-Calve-Perthes disease,Skin sensitivities and allergies
whippet,Mitral valve (heart) disease,Anesthesia sensitivity
malamute,Hip and Elbow Dysplasia,Hypothyroidism
shih-tzu,Brachycephalic Syndrome,Eye Problems
siberian_husky,Seizures,Progressive Retinal Atrophy
bloodhound,Hip/elbow dysplasia,Heart problems
bernese_mountain_dog,Cancer,Hip and elbow dysplasia
beagle,Cherry Eye,Epilepsy
great_pyrenees,Neurological Disorders,Hip Dysplasia
irish_setter,Hip and elbow dysplasia,Bloat
scottish_deerhound,Dilated cardiomyopathy,Cystinuria
shih-tzu,Brachycephalic Syndrome,Eye Problems
australian_terrier,Legg-Calve-Perthes disease,Skin sensitivities and allergies
shih-tzu,Brachycephalic Syndrome,Eye Problems
sussex_spaniel,Hip dysplasia,Ear infections
bouvier_des_flandres,Hip dysplasia,Elbow dysplasia
beagle,Cherry Eye,Epilepsy
bouvier_des_flandres,Hip dysplasia,Elbow dysplasia
beagle,Cherry Eye,Epilepsy
pomeranian,Tracheal collapse,Patellar luxation
sussex_spaniel,Hip dysplasia,Ear infections
lhasa,progressive retinal atrophy,Cheery eye
cocker_spaniel,Ear infections,Eye diseases
leonberg,Osteosarcoma,Panosteitis
bloodhound,Hip/elbow dysplasia,Heart problems
cardigan,Hip and elbow dysplasia,Progressive Retinal Atrophy
cardigan,Hip and elbow dysplasia,Progressive Retinal Atrophy
african_hunting_dog,Fanconi syndrome,progressive retinal atrophy
weimaraner,Hip dysplasia,Bloat
dhole,Rabies,Parovirus
siberian_husky,Seizures,Progressive Retinal Atrophy
gordon_setter,Bloat,Hypothyroidism
bouvier_des_flandres,Hip dysplasia,Elbow dysplasia
scottish_deerhound,Dilated cardiomyopathy,Cystinuria
weimaraner,Hip dysplasia,Bloat
great_dane,Gastric dilatation-volvulus,Dilated cardiomyopathy
english_setter,Bloat,Deafness
greater_swiss_mountain_dog,Splenic torsion,Bloat
staffordshire_bullterrier,Luxating Patella,Hip Dysplasia
beagle,Cherry Eye,Epilepsy
great_dane,Gastric dilatation-volvulus,Dilated cardiomyopathy
dhole,Rabies,Parovirus
bouvier_des_flandres,Hip dysplasia,Elbow dysplasia
shih-tzu,Brachycephalic Syndrome,Eye Problems
beagle,Cherry Eye,Epilepsy
australian_terrier,Legg-Calve-Perthes disease,Skin sensitivities and allergies
brabancon_griffon,Luxating Patella,Respiratory Issues
siberian_husky,Seizures,Progressive Retinal Atrophy
chihuahua,Dental Disease,Patellar luxation
italian_greyhound,Dental Disease,Eye Problems
bloodhound,Hip/elbow dysplasia,Heart problems
border_terrier,GBM,Cushing’s disease
beagle,Cherry Eye,Epilepsy
pomeranian,Tracheal collapse,Patellar luxation
leonberg,Osteosarcoma,Panosteitis
beagle,Cherry Eye,Epilepsy
gordon_setter,Bloat,Hypothyroidism
airedale,Hip and elbow dysplasia,Von Willebrand's disease
irish_wolfhound,Dilated Cardiomyopathy,Fibrocartilaginous Embolic Myelopathy
gordon_setter,Bloat,Hypothyroidism
great_pyrenees,Neurological Disorders,Hip Dysplasia
leonberg,Osteosarcoma,Panosteitis
african_hunting_dog,Fanconi syndrome,progressive retinal atrophy
whippet,Mitral valve (heart) disease,Anesthesia sensitivity
lhasa,progressive retinal atrophy,Cheery eye
beagle,Cherry Eye,Epilepsy
standard_schnauzer,Hypothyroidism,Hemophilia
shih-tzu,Brachycephalic Syndrome,Eye Problems
scottish_deerhound,Dilated cardiomyopathy,Cystinuria
leonberg,Osteosarcoma,Panosteitis
sussex_spaniel,Hip dysplasia,Ear infections
african_hunting_dog,Fanconi syndrome,progressive retinal atrophy
bernese_mountain_dog,Cancer,Hip and elbow dysplasia
weimaraner,Hip dysplasia,Bloat
brabancon_griffon,Luxating Patella,Respiratory Issues
saint_bernard,Diabetes,Degenerative Myelopathy
beagle,Cherry Eye,Epilepsy
gordon_setter,Bloat,Hypothyroidism
sussex_spaniel,Hip dysplasia,Ear infections
staffordshire_bullterrier,Luxating Patella,Hip Dysplasia
border_terrier,GBM,Cushing’s disease
leonberg,Osteosarcoma,Panosteitis
irish_setter,Hip and elbow dysplasia,Bloat
chihuahua,Dental Disease,Patellar luxation
siberian_husky,Seizures,Progressive Retinal Atrophy
whippet,Mitral valve (heart) disease,Anesthesia sensitivity
chihuahua,Dental Disease,Patellar luxation
gordon_setter,Bloat,Hypothyroidism
shih-tzu,Brachycephalic Syndrome,Eye Problems
whippet,Mitral valve (heart) disease,Anesthesia sensitivity
english_foxhound,Hip Dysplasia,Renal Disease
leonberg,Osteosarcoma,Panosteitis
chihuahua,Dental Disease,Patellar luxation
border_terrier,GBM,Cushing’s disease
cocker_spaniel,Ear infections,Eye diseases
gordon_setter,Bloat,Hypothyroidism
gordon_setter,Bloat,Hypothyroidism
brittany_spaniel,Hip and elbow dysplasia,Epilepsy
eskimo_dog,Hip Dysplasia,Progressive Retinal Atrophy
irish_wolfhound,Dilated Cardiomyopathy,Fibrocartilaginous Embolic Myelopathy
irish_setter,Hip and elbow dysplasia,Bloat
shih-tzu,Brachycephalic Syndrome,Eye Problems
border_terrier,GBM,Cushing’s disease
pomeranian,Tracheal collapse,Patellar luxation
bouvier_des_flandres,Hip dysplasia,Elbow dysplasia
scottish_deerhound,Dilated cardiomyopathy,Cystinuria
airedale,Hip and elbow dysplasia,Von Willebrand's disease
bloodhound,Hip/elbow dysplasia,Heart problems
cairn,Genetic kidney problems,Luxating patella
dhole,Rabies,Parovirus
leonberg,Osteosarcoma,Panosteitis
weimaraner,Hip dysplasia,Bloat
beagle,Cherry Eye,Epilepsy
afghan_hound,Hip and Elbow Dysplasia,Eye Problems
bloodhound,Hip/elbow dysplasia,Heart problems
chihuahua,Dental Disease,Patellar luxation
irish_setter,Hip and elbow dysplasia,Bloat
great_dane,Gastric dilatation-volvulus,Dilated cardiomyopathy
beagle,Cherry Eye,Epilepsy
norfolk_terrier,Allergies,Cataracts
beagle,Cherry Eye,Epilepsy
bernese_mountain_dog,Cancer,Hip and elbow dysplasia
scottish_deerhound,Dilated cardiomyopathy,Cystinuria
beagle,Cherry Eye,Epilepsy
scottish_deerhound,Dilated cardiomyopathy,Cystinuria
brabancon_griffon,Luxating Patella,Respiratory Issues
maltese_dog,Heart Problems,Liver Shunt
weimaraner,Hip dysplasia,Bloat
irish_water_spaniel,Lymphoma,Obesity
leonberg,Osteosarcoma,Panosteitis
bloodhound,Hip/elbow dysplasia,Heart problems
beagle,Cherry Eye,Epilepsy
scottish_deerhound,Dilated cardiomyopathy,Cystinuria
briard,Hip Dysplasia,Von Willebrand's Disease
irish_wolfhound,Dilated Cardiomyopathy,Fibrocartilaginous Embolic Myelopathy
chihuahua,Dental Disease,Patellar luxation
dingo,Bloating,Hip Dysplasia
weimaraner,Hip dysplasia,Bloat
border_terrier,GBM,Cushing’s disease
malamute,Hip and Elbow Dysplasia,Hypothyroidism
afghan_hound,Hip and Elbow Dysplasia,Eye Problems
lhasa,progressive retinal atrophy,Cheery eye
chihuahua,Dental Disease,Patellar luxation
brabancon_griffon,Luxating Patella,Respiratory Issues
african_hunting_dog,Fanconi syndrome,progressive retinal atrophy
shih-tzu,Brachycephalic Syndrome,Eye Problems
kelpie,Hip Dysplasia,Cerebellar Abiotrophy
beagle,Cherry Eye,Epilepsy
leonberg,Osteosarcoma,Panosteitis
norwich_terrier,Luxating Patella,Upper Airway Syndrome
weimaraner,Hip dysplasia,Bloat
redbone,Cancer,Heartworm
cocker_spaniel,Ear infections,Eye diseases
cocker_spaniel,Ear infections,Eye diseases
irish_setter,Hip and elbow dysplasia,Bloat
bloodhound,Hip/elbow dysplasia,Heart problems
great_pyrenees,Neurological Disorders,Hip Dysplasia
staffordshire_bullterrier,Luxating Patella,Hip Dysplasia
leonberg,Osteosarcoma,Panosteitis
scotch_terrier,Cancer,Von Willebrand's Disease
beagle,Cherry Eye,Epilepsy
gordon_setter,Bloat,Hypothyroidism
tibetan_terrier,Patellar luxation,Primary lens luxation
irish_setter,Hip and elbow dysplasia,Bloat
shih-tzu,Brachycephalic Syndrome,Eye Problems
beagle,Cherry Eye,Epilepsy
norfolk_terrier,Allergies,Cataracts
lhasa,progressive retinal atrophy,Cheery eye
norfolk_terrier,Allergies,Cataracts
vizsla,Hip dysplasia,Epilepsy
japanese_spaniel,Brachycephalic airway syndrome,Patellar luxation
malamute,Hip and Elbow Dysplasia,Hypothyroidism
blenheim_spaniel,Mitral valve disease,Syringomyelia
cairn,Genetic kidney problems,Luxating patella
cocker_spaniel,Ear infections,Eye diseases
old_english_sheepdog,Hip Dysplasia,Progressive Retinal Atrophy
leonberg,Osteosarcoma,Panosteitis
cocker_spaniel,Ear infections,Eye diseases
great_pyrenees,Neurological Disorders,Hip Dysplasia
german_short-haired_pointer,Hip dysplasia,Bloat / gastric torsion
leonberg,Osteosarcoma,Panosteitis
gordon_setter,Bloat,Hypothyroidism
bloodhound,Hip/elbow dysplasia,Heart problems
cocker_spaniel,Ear infections,Eye diseases
beagle,Cherry Eye,Epilepsy
flat-coated_retriever,Histiocytic Sarcoma,Hip Dysplasia
gordon_setter,Bloat,Hypothyroidism
otterhound,Epilepsy,Bloating
cairn,Genetic kidney problems,Luxating patella
cardigan,Hip and elbow dysplasia,Progressive Retinal Atrophy
malamute,Hip and Elbow Dysplasia,Hypothyroidism
leonberg,Osteosarcoma,Panosteitis
beagle,Cherry Eye,Epilepsy
lhasa,progressive retinal atrophy,Cheery eye
leonberg,Osteosarcoma,Panosteitis
scottish_deerhound,Dilated cardiomyopathy,Cystinuria
great_pyrenees,Neurological Disorders,Hip Dysplasia
african_hunting_dog,Fanconi syndrome,progressive retinal atrophy
chesapeake_bay_retriever,Hip and Elbow Dysplasia,Osteochondritis Dissecans
beagle,Cherry Eye,Epilepsy
saint_bernard,Diabetes,Degenerative Myelopathy
dhole,Rabies,Parovirus
afghan_hound,Hip and Elbow Dysplasia,Eye Problems
black-and-tan_coonhound,Hip and elbow dysplasia,Ear infections
lhasa,progressive retinal atrophy,Cheery eye
australian_terrier,Legg-Calve-Perthes disease,Skin sensitivities and allergies
dingo,Bloating,Hip Dysplasia
cocker_spaniel,Ear infections,Eye diseases
irish_setter,Hip and elbow dysplasia,Bloat
norfolk_terrier,Allergies,Cataracts
irish_setter,Hip and elbow dysplasia,Bloat
bloodhound,Hip/elbow dysplasia,Heart problems
irish_setter,Hip and elbow dysplasia,Bloat
scottish_deerhound,Dilated cardiomyopathy,Cystinuria
sussex_spaniel,Hip dysplasia,Ear infections
afghan_hound,Hip and Elbow Dysplasia,Eye Problems
welsh_springer_spaniel,Hip and elbow dysplasia,Ear infections
welsh_springer_spaniel,Hip and elbow dysplasia,Ear infections
great_pyrenees,Neurological Disorders,Hip Dysplasia
norfolk_terrier,Allergies,Cataracts
airedale,Hip and elbow dysplasia,Von Willebrand's disease
australian_terrier,Legg-Calve-Perthes disease,Skin sensitivities and allergies
gordon_setter,Bloat,Hypothyroidism
whippet,Mitral valve (heart) disease,Anesthesia sensitivity
weimaraner,Hip dysplasia,Bloat
african_hunting_dog,Fanconi syndrome,progressive retinal atrophy
scotch_terrier,Cancer,Von Willebrand's Disease
scottish_deerhound,Dilated cardiomyopathy,Cystinuria
miniature_schnauzer,Hyperlipidemia,Urinary Stones
shih-tzu,Brachycephalic Syndrome,Eye Problems
soft-coated_wheaten_terrier,Kidney Problems,Protein Wasting Disease
japanese_spaniel,Brachycephalic airway syndrome,Patellar luxation
afghan_hound,Hip and Elbow Dysplasia,Eye Problems
kerry_blue_terrier,dermatitis,Hip dysplasia
rhodesian_ridgeback,Dermoid sinus,Hip dysplasia
scottish_deerhound,Dilated cardiomyopathy,Cystinuria
shih-tzu,Brachycephalic Syndrome,Eye Problems
great_dane,Gastric dilatation-volvulus,Dilated cardiomyopathy
afghan_hound,Hip and Elbow Dysplasia,Eye Problems
beagle,Cherry Eye,Epilepsy
beagle,Cherry Eye,Epilepsy
silky_terrier,Patellar luxation,Tracheal collapse
eskimo_dog,Hip Dysplasia,Progressive Retinal Atrophy
scottish_deerhound,Dilated cardiomyopathy,Cystinuria
cocker_spaniel,Ear infections,Eye diseases
cairn,Genetic kidney problems,Luxating patella
leonberg,Osteosarcoma,Panosteitis
great_pyrenees,Neurological Disorders,Hip Dysplasia
afghan_hound,Hip and Elbow Dysplasia,Eye Problems
african_hunting_dog,Fanconi syndrome,progressive retinal atrophy
airedale,Hip and elbow dysplasia,Von Willebrand's disease
sussex_spaniel,Hip dysplasia,Ear infections
dandie_dinmont,Glaucoma,Intervertebral Disc Disease
shih-tzu,Brachycephalic Syndrome,Eye Problems
chihuahua,Dental Disease,Patellar luxation
scottish_deerhound,Dilated cardiomyopathy,Cystinuria
irish_water_spaniel,Lymphoma,Obesity
beagle,Cherry Eye,Epilepsy
scottish_deerhound,Dilated cardiomyopathy,Cystinuria
great_pyrenees,Neurological Disorders,Hip Dysplasia
bloodhound,Hip/elbow dysplasia,Heart problems
great_pyrenees,Neurological Disorders,Hip Dysplasia
gordon_setter,Bloat,Hypothyroidism
gordon_setter,Bloat,Hypothyroidism
cardigan,Hip and elbow dysplasia,Progressive Retinal Atrophy
australian_terrier,Legg-Calve-Perthes disease,Skin sensitivities and allergies
great_pyrenees,Neurological Disorders,Hip Dysplasia
silky_terrier,Patellar luxation,Tracheal collapse
cocker_spaniel,Ear infections,Eye diseases
whippet,Mitral valve (heart) disease,Anesthesia sensitivity
afghan_hound,Hip and Elbow Dysplasia,Eye Problems
cocker_spaniel,Ear infections,Eye diseases
pomeranian,Tracheal collapse,Patellar luxation
great_pyrenees,Neurological Disorders,Hip Dysplasia
blenheim_spaniel,Mitral valve disease,Syringomyelia
scottish_deerhound,Dilated cardiomyopathy,Cystinuria
silky_terrier,Patellar luxation,Tracheal collapse
border_terrier,GBM,Cushing’s disease
leonberg,Osteosarcoma,Panosteitis
silky_terrier,Patellar luxation,Tracheal collapse
dingo,Bloating,Hip Dysplasia
staffordshire_bullterrier,Luxating Patella,Hip Dysplasia
dingo,Bloating,Hip Dysplasia
otterhound,Epilepsy,Bloating
beagle,Cherry Eye,Epilepsy
shetland_sheepdog,Von Willebrand’s disease,Legg-Calve-Perthes disease
dhole,Rabies,Parovirus
english_setter,Bloat,Deafness
chihuahua,Dental Disease,Patellar luxation
great_dane,Gastric dilatation-volvulus,Dilated cardiomyopathy
dhole,Rabies,Parovirus
irish_wolfhound,Dilated Cardiomyopathy,Fibrocartilaginous Embolic Myelopathy
leonberg,Osteosarcoma,Panosteitis
gordon_setter,Bloat,Hypothyroidism
shih-tzu,Brachycephalic Syndrome,Eye Problems
dingo,Bloating,Hip Dysplasia
bouvier_des_flandres,Hip dysplasia,Elbow dysplasia
cocker_spaniel,Ear infections,Eye diseases
chihuahua,Dental Disease,Patellar luxation
african_hunting_dog,Fanconi syndrome,progressive retinal atrophy
bouvier_des_flandres,Hip dysplasia,Elbow dysplasia
sussex_spaniel,Hip dysplasia,Ear infections
norfolk_terrier,Allergies,Cataracts
leonberg,Osteosarcoma,Panosteitis
gordon_setter,Bloat,Hypothyroidism
bloodhound,Hip/elbow dysplasia,Heart problems
bouvier_des_flandres,Hip dysplasia,Elbow dysplasia
norfolk_terrier,Allergies,Cataracts
great_pyrenees,Neurological Disorders,Hip Dysplasia
beagle,Cherry Eye,Epilepsy
scottish_deerhound,Dilated cardiomyopathy,Cystinuria
border_terrier,GBM,Cushing’s disease
irish_setter,Hip and elbow dysplasia,Bloat
dingo,Bloating,Hip Dysplasia
norfolk_terrier,Allergies,Cataracts
maltese_dog,Heart Problems,Liver Shunt
australian_terrier,Legg-Calve-Perthes disease,Skin sensitivities and allergies
beagle,Cherry Eye,Epilepsy
beagle,Cherry Eye,Epilepsy
lhasa,progressive retinal atrophy,Cheery eye
bull_mastiff,Skeletal and joint problems,Cancer
irish_wolfhound,Dilated Cardiomyopathy,Fibrocartilaginous Embolic Myelopathy
kuvasz,Progressive retinal atrophy,Bloat
great_pyrenees,Neurological Disorders,Hip Dysplasia
cardigan,Hip and elbow dysplasia,Progressive Retinal Atrophy
african_hunting_dog,Fanconi syndrome,progressive retinal atrophy
lakeland_terrier,Legg-Calves-Perthes disease,Bleeding Disorders
dhole,Rabies,Parovirus
sussex_spaniel,Hip dysplasia,Ear infections
airedale,Hip and elbow dysplasia,Von Willebrand's disease
norfolk_terrier,Allergies,Cataracts
weimaraner,Hip dysplasia,Bloat
leonberg,Osteosarcoma,Panosteitis
japanese_spaniel,Brachycephalic airway syndrome,Patellar luxation
gordon_setter,Bloat,Hypothyroidism
sussex_spaniel,Hip dysplasia,Ear infections
cardigan,Hip and elbow dysplasia,Progressive Retinal Atrophy
whippet,Mitral valve (heart) disease,Anesthesia sensitivity
bernese_mountain_dog,Cancer,Hip and elbow dysplasia
leonberg,Osteosarcoma,Panosteitis
beagle,Cherry Eye,Epilepsy
irish_setter,Hip and elbow dysplasia,Bloat
border_collie,Epilepsy,Hip Dysplasia
leonberg,Osteosarcoma,Panosteitis
norfolk_terrier,Allergies,Cataracts
norwegian_elkhound,Progressive retinal atrophy,Kidney problems
scottish_deerhound,Dilated cardiomyopathy,Cystinuria
weimaraner,Hip dysplasia,Bloat
kerry_blue_terrier,dermatitis,Hip dysplasia
lhasa,progressive retinal atrophy,Cheery eye
black-and-tan_coonhound,Hip and elbow dysplasia,Ear infections
leonberg,Osteosarcoma,Panosteitis
kelpie,Hip Dysplasia,Cerebellar Abiotrophy
weimaraner,Hip dysplasia,Bloat
bernese_mountain_dog,Cancer,Hip and elbow dysplasia
bernese_mountain_dog,Cancer,Hip and elbow dysplasia
bloodhound,Hip/elbow dysplasia,Heart problems
bouvier_des_flandres,Hip dysplasia,Elbow dysplasia
leonberg,Osteosarcoma,Panosteitis
silky_terrier,Patellar luxation,Tracheal collapse
dandie_dinmont,Glaucoma,Intervertebral Disc Disease
bouvier_des_flandres,Hip dysplasia,Elbow dysplasia
african_hunting_dog,Fanconi syndrome,progressive retinal atrophy
african_hunting_dog,Fanconi syndrome,progressive retinal atrophy
shih-tzu,Brachycephalic Syndrome,Eye Problems
gordon_setter,Bloat,Hypothyroidism
irish_setter,Hip and elbow dysplasia,Bloat
dingo,Bloating,Hip Dysplasia
shetland_sheepdog,Von Willebrand’s disease,Legg-Calve-Perthes disease
great_dane,Gastric dilatation-volvulus,Dilated cardiomyopathy
cocker_spaniel,Ear infections,Eye diseases
leonberg,Osteosarcoma,Panosteitis
whippet,Mitral valve (heart) disease,Anesthesia sensitivity
gordon_setter,Bloat,Hypothyroidism
cocker_spaniel,Ear infections,Eye diseases
leonberg,Osteosarcoma,Panosteitis
afghan_hound,Hip and Elbow Dysplasia,Eye Problems
bouvier_des_flandres,Hip dysplasia,Elbow dysplasia
kuvasz,Progressive retinal atrophy,Bloat
cairn,Genetic kidney problems,Luxating patella
standard_schnauzer,Hypothyroidism,Hemophilia
welsh_springer_spaniel,Hip and elbow dysplasia,Ear infections
dingo,Bloating,Hip Dysplasia
irish_water_spaniel,Lymphoma,Obesity
great_dane,Gastric dilatation-volvulus,Dilated cardiomyopathy
irish_setter,Hip and elbow dysplasia,Bloat
siberian_husky,Seizures,Progressive Retinal Atrophy
norfolk_terrier,Allergies,Cataracts
briard,Hip Dysplasia,Von Willebrand's Disease
vizsla,Hip dysplasia,Epilepsy
weimaraner,Hip dysplasia,Bloat
weimaraner,Hip dysplasia,Bloat
cairn,Genetic kidney problems,Luxating patella
gordon_setter,Bloat,Hypothyroidism
blenheim_spaniel,Mitral valve disease,Syringomyelia
whippet,Mitral valve (heart) disease,Anesthesia sensitivity
italian_greyhound,Dental Disease,Eye Problems
staffordshire_bullterrier,Luxating Patella,Hip Dysplasia
whippet,Mitral valve (heart) disease,Anesthesia sensitivity
dandie_dinmont,Glaucoma,Intervertebral Disc Disease
otterhound,Epilepsy,Bloating
cairn,Genetic kidney problems,Luxating patella
bouvier_des_flandres,Hip dysplasia,Elbow dysplasia
kelpie,Hip Dysplasia,Cerebellar Abiotrophy
cocker_spaniel,Ear infections,Eye diseases
scottish_deerhound,Dilated cardiomyopathy,Cystinuria
beagle,Cherry Eye,Epilepsy
komondor,Hip and elbow dysplasia,Bloat
whippet,Mitral valve (heart) disease,Anesthesia sensitivity
malamute,Hip and Elbow Dysplasia,Hypothyroidism
cocker_spaniel,Ear infections,Eye diseases
pomeranian,Tracheal collapse,Patellar luxation
cocker_spaniel,Ear infections,Eye diseases
bouvier_des_flandres,Hip dysplasia,Elbow dysplasia
blenheim_spaniel,Mitral valve disease,Syringomyelia
dhole,Rabies,Parovirus
pomeranian,Tracheal collapse,Patellar luxation
norwegian_elkhound,Progressive retinal atrophy,Kidney problems
whippet,Mitral valve (heart) disease,Anesthesia sensitivity
leonberg,Osteosarcoma,Panosteitis
shih-tzu,Brachycephalic Syndrome,Eye Problems
scottish_deerhound,Dilated cardiomyopathy,Cystinuria
weimaraner,Hip dysplasia,Bloat
chihuahua,Dental Disease,Patellar luxation
appenzeller,Hip and elbow dysplasia,Gastric torsion
pekinese,Brachycephalic syndrome,Dry eye syndrome
dhole,Rabies,Parovirus
bouvier_des_flandres,Hip dysplasia,Elbow dysplasia
irish_wolfhound,Dilated Cardiomyopathy,Fibrocartilaginous Embolic Myelopathy
norwegian_elkhound,Progressive retinal atrophy,Kidney problems
chihuahua,Dental Disease,Patellar luxation
kerry_blue_terrier,dermatitis,Hip dysplasia
cairn,Genetic kidney problems,Luxating patella
rhodesian_ridgeback,Dermoid sinus,Hip dysplasia
rhodesian_ridgeback,Dermoid sinus,Hip dysplasia
gordon_setter,Bloat,Hypothyroidism
airedale,Hip and elbow dysplasia,Von Willebrand's disease
scottish_deerhound,Dilated cardiomyopathy,Cystinuria
english_setter,Bloat,Deafness
bernese_mountain_dog,Cancer,Hip and elbow dysplasia
norfolk_terrier,Allergies,Cataracts
dingo,Bloating,Hip Dysplasia
cocker_spaniel,Ear infections,Eye diseases
cairn,Genetic kidney problems,Luxating patella
leonberg,Osteosarcoma,Panosteitis
african_hunting_dog,Fanconi syndrome,progressive retinal atrophy
chihuahua,Dental Disease,Patellar luxation
norfolk_terrier,Allergies,Cataracts
airedale,Hip and elbow dysplasia,Von Willebrand's disease
cocker_spaniel,Ear infections,Eye diseases
norfolk_terrier,Allergies,Cataracts
rhodesian_ridgeback,Dermoid sinus,Hip dysplasia
staffordshire_bullterrier,Luxating Patella,Hip Dysplasia
leonberg,Osteosarcoma,Panosteitis
otterhound,Epilepsy,Bloating
leonberg,Osteosarcoma,Panosteitis
ibizan_hound,Hip dysplasia,Autoimmune thyroiditis
norwegian_elkhound,Progressive retinal atrophy,Kidney problems
cocker_spaniel,Ear infections,Eye diseases
cardigan,Hip and elbow dysplasia,Progressive Retinal Atrophy
african_hunting_dog,Fanconi syndrome,progressive retinal atrophy
weimaraner,Hip dysplasia,Bloat
shih-tzu,Brachycephalic Syndrome,Eye Problems
weimaraner,Hip dysplasia,Bloat
scottish_deerhound,Dilated cardiomyopathy,Cystinuria
irish_wolfhound,Dilated Cardiomyopathy,Fibrocartilaginous Embolic Myelopathy
black-and-tan_coonhound,Hip and elbow dysplasia,Ear infections
scottish_deerhound,Dilated cardiomyopathy,Cystinuria
chihuahua,Dental Disease,Patellar luxation
welsh_springer_spaniel,Hip and elbow dysplasia,Ear infections
scottish_deerhound,Dilated cardiomyopathy,Cystinuria
irish_setter,Hip and elbow dysplasia,Bloat
redbone,Cancer,Heartworm
dingo,Bloating,Hip Dysplasia
english_setter,Bloat,Deafness
malamute,Hip and Elbow Dysplasia,Hypothyroidism
silky_terrier,Patellar luxation,Tracheal collapse
irish_water_spaniel,Lymphoma,Obesity
irish_setter,Hip and elbow dysplasia,Bloat
cairn,Genetic kidney problems,Luxating patella
pomeranian,Tracheal collapse,Patellar luxation
beagle,Cherry Eye,Epilepsy
beagle,Cherry Eye,Epilepsy
scottish_deerhound,Dilated cardiomyopathy,Cystinuria
eskimo_dog,Hip Dysplasia,Progressive Retinal Atrophy
sussex_spaniel,Hip dysplasia,Ear infections
scottish_deerhound,Dilated cardiomyopathy,Cystinuria
dhole,Rabies,Parovirus
irish_water_spaniel,Lymphoma,Obesity
pomeranian,Tracheal collapse,Patellar luxation
weimaraner,Hip dysplasia,Bloat
brabancon_griffon,Luxating Patella,Respiratory Issues
australian_terrier,Legg-Calve-Perthes disease,Skin sensitivities and allergies
shih-tzu,Brachycephalic Syndrome,Eye Problems
pomeranian,Tracheal collapse,Patellar luxation
leonberg,Osteosarcoma,Panosteitis
bouvier_des_flandres,Hip dysplasia,Elbow dysplasia
afghan_hound,Hip and Elbow Dysplasia,Eye Problems
pomeranian,Tracheal collapse,Patellar luxation
gordon_setter,Bloat,Hypothyroidism
pomeranian,Tracheal collapse,Patellar luxation
weimaraner,Hip dysplasia,Bloat
malinois,Hip and elbow dysplasia,Progressive Retinal Atrophy
scottish_deerhound,Dilated cardiomyopathy,Cystinuria
dingo,Bloating,Hip Dysplasia
black-and-tan_coonhound,Hip and elbow dysplasia,Ear infections
african_hunting_dog,Fanconi syndrome,progressive retinal atrophy
blenheim_spaniel,Mitral valve disease,Syringomyelia
gordon_setter,Bloat,Hypothyroidism
curly-coated_retriever,Hip dysplasia,Eye diseases
german_short-haired_pointer,Hip dysplasia,Bloat / gastric torsion
irish_water_spaniel,Lymphoma,Obesity
dingo,Bloating,Hip Dysplasia
cocker_spaniel,Ear infections,Eye diseases
irish_wolfhound,Dilated Cardiomyopathy,Fibrocartilaginous Embolic Myelopathy
australian_terrier,Legg-Calve-Perthes disease,Skin sensitivities and allergies
siberian_husky,Seizures,Progressive Retinal Atrophy
australian_terrier,Legg-Calve-Perthes disease,Skin sensitivities and allergies
dingo,Bloating,Hip Dysplasia
bouvier_des_flandres,Hip dysplasia,Elbow dysplasia
great_pyrenees,Neurological Disorders,Hip Dysplasia
beagle,Cherry Eye,Epilepsy
kerry_blue_terrier,dermatitis,Hip dysplasia
standard_schnauzer,Hypothyroidism,Hemophilia
australian_terrier,Legg-Calve-Perthes disease,Skin sensitivities and allergies
sussex_spaniel,Hip dysplasia,Ear infections
chihuahua,Dental Disease,Patellar luxation
bouvier_des_flandres,Hip dysplasia,Elbow dysplasia
great_dane,Gastric dilatation-volvulus,Dilated cardiomyopathy
gordon_setter,Bloat,Hypothyroidism
tibetan_terrier,Patellar luxation,Primary lens luxation
irish_water_spaniel,Lymphoma,Obesity
scottish_deerhound,Dilated cardiomyopathy,Cystinuria
great_dane,Gastric dilatation-volvulus,Dilated cardiomyopathy
beagle,Cherry Eye,Epilepsy
rhodesian_ridgeback,Dermoid sinus,Hip dysplasia
welsh_springer_spaniel,Hip and elbow dysplasia,Ear infections
sussex_spaniel,Hip dysplasia,Ear infections
great_dane,Gastric dilatation-volvulus,Dilated cardiomyopathy
norfolk_terrier,Allergies,Cataracts
redbone,Cancer,Heartworm
whippet,Mitral valve (heart) disease,Anesthesia sensitivity
dingo,Bloating,Hip Dysplasia
irish_setter,Hip and elbow dysplasia,Bloat
chihuahua,Dental Disease,Patellar luxation
brabancon_griffon,Luxating Patella,Respiratory Issues
gordon_setter,Bloat,Hypothyroidism
bernese_mountain_dog,Cancer,Hip and elbow dysplasia
weimaraner,Hip dysplasia,Bloat
african_hunting_dog,Fanconi syndrome,progressive retinal atrophy
leonberg,Osteosarcoma,Panosteitis
cocker_spaniel,Ear infections,Eye diseases
bouvier_des_flandres,Hip dysplasia,Elbow dysplasia
rhodesian_ridgeback,Dermoid sinus,Hip dysplasia
miniature_schnauzer,Hyperlipidemia,Urinary Stones
komondor,Hip and elbow dysplasia,Bloat
scottish_deerhound,Dilated cardiomyopathy,Cystinuria
scottish_deerhound,Dilated cardiomyopathy,Cystinuria
pomeranian,Tracheal collapse,Patellar luxation
beagle,Cherry Eye,Epilepsy
weimaraner,Hip dysplasia,Bloat
golden_retriever,Cardiomyopathy,Elbow Dysplasia
sussex_spaniel,Hip dysplasia,Ear infections
bouvier_des_flandres,Hip dysplasia,Elbow dysplasia
bouvier_des_flandres,Hip dysplasia,Elbow dysplasia
dingo,Bloating,Hip Dysplasia
kerry_blue_terrier,dermatitis,Hip dysplasia
scotch_terrier,Cancer,Von Willebrand's Disease
brabancon_griffon,Luxating Patella,Respiratory Issues
affenpinscher,patellar luxation,Hip Dysplasia
affenpinscher,patellar luxation,Hip Dysplasia
beagle,Cherry Eye,Epilepsy
leonberg,Osteosarcoma,Panosteitis
komondor,Hip and elbow dysplasia,Bloat
shih-tzu,Brachycephalic Syndrome,Eye Problems
lhasa,progressive retinal atrophy,Cheery eye
redbone,Cancer,Heartworm
cocker_spaniel,Ear infections,Eye diseases
great_pyrenees,Neurological Disorders,Hip Dysplasia
dhole,Rabies,Parovirus
greater_swiss_mountain_dog,Splenic torsion,Bloat
komondor,Hip and elbow dysplasia,Bloat
dandie_dinmont,Glaucoma,Intervertebral Disc Disease
irish_setter,Hip and elbow dysplasia,Bloat
tibetan_terrier,Patellar luxation,Primary lens luxation
dingo,Bloating,Hip Dysplasia
bernese_mountain_dog,Cancer,Hip and elbow dysplasia
blenheim_spaniel,Mitral valve disease,Syringomyelia
dhole,Rabies,Parovirus
dingo,Bloating,Hip Dysplasia
dingo,Bloating,Hip Dysplasia
cocker_spaniel,Ear infections,Eye diseases
bloodhound,Hip/elbow dysplasia,Heart problems
newfoundland,Gastric Dilatation-Volvulus,Osteosarcoma
dhole,Rabies,Parovirus
siberian_husky,Seizures,Progressive Retinal Atrophy
sussex_spaniel,Hip dysplasia,Ear infections
bouvier_des_flandres,Hip dysplasia,Elbow dysplasia
leonberg,Osteosarcoma,Panosteitis
lakeland_terrier,Legg-Calves-Perthes disease,Bleeding Disorders
beagle,Cherry Eye,Epilepsy
dingo,Bloating,Hip Dysplasia
lhasa,progressive retinal atrophy,Cheery eye
black-and-tan_coonhound,Hip and elbow dysplasia,Ear infections
bloodhound,Hip/elbow dysplasia,Heart problems
tibetan_terrier,Patellar luxation,Primary lens luxation
chihuahua,Dental Disease,Patellar luxation
brabancon_griffon,Luxating Patella,Respiratory Issues
chihuahua,Dental Disease,Patellar luxation
sealyham_terrier,Primary lens luxation,Intervertebral disc disease
miniature_schnauzer,Hyperlipidemia,Urinary Stones
silky_terrier,Patellar luxation,Tracheal collapse
african_hunting_dog,Fanconi syndrome,progressive retinal atrophy
beagle,Cherry Eye,Epilepsy
australian_terrier,Legg-Calve-Perthes disease,Skin sensitivities and allergies
beagle,Cherry Eye,Epilepsy
lhasa,progressive retinal atrophy,Cheery eye
pembroke,Hip dysplasia,Intervertebral disc disease
leonberg,Osteosarcoma,Panosteitis
bouvier_des_flandres,Hip dysplasia,Elbow dysplasia
appenzeller,Hip and elbow dysplasia,Gastric torsion
afghan_hound,Hip and Elbow Dysplasia,Eye Problems
ibizan_hound,Hip dysplasia,Autoimmune thyroiditis
bouvier_des_flandres,Hip dysplasia,Elbow dysplasia
bloodhound,Hip/elbow dysplasia,Heart problems
lakeland_terrier,Legg-Calves-Perthes disease,Bleeding Disorders
eskimo_dog,Hip Dysplasia,Progressive Retinal Atrophy
beagle,Cherry Eye,Epilepsy
great_pyrenees,Neurological Disorders,Hip Dysplasia
brabancon_griffon,Luxating Patella,Respiratory Issues
irish_water_spaniel,Lymphoma,Obesity
german_short-haired_pointer,Hip dysplasia,Bloat / gastric torsion
rhodesian_ridgeback,Dermoid sinus,Hip dysplasia
gordon_setter,Bloat,Hypothyroidism
sussex_spaniel,Hip dysplasia,Ear infections
bouvier_des_flandres,Hip dysplasia,Elbow dysplasia
norfolk_terrier,Allergies,Cataracts
norwegian_elkhound,Progressive retinal atrophy,Kidney problems
cairn,Genetic kidney problems,Luxating patella
scottish_deerhound,Dilated cardiomyopathy,Cystinuria
beagle,Cherry Eye,Epilepsy
dandie_dinmont,Glaucoma,Intervertebral Disc Disease
irish_wolfhound,Dilated Cardiomyopathy,Fibrocartilaginous Embolic Myelopathy
scottish_deerhound,Dilated cardiomyopathy,Cystinuria
saint_bernard,Diabetes,Degenerative Myelopathy
black-and-tan_coonhound,Hip and elbow dysplasia,Ear infections
keeshond,Hip dysplasia,Patellar luxation
dhole,Rabies,Parovirus
beagle,Cherry Eye,Epilepsy
dingo,Bloating,Hip Dysplasia
silky_terrier,Patellar luxation,Tracheal collapse
komondor,Hip and elbow dysplasia,Bloat
shih-tzu,Brachycephalic Syndrome,Eye Problems
shih-tzu,Brachycephalic Syndrome,Eye Problems
weimaraner,Hip dysplasia,Bloat
shih-tzu,Brachycephalic Syndrome,Eye Problems
sussex_spaniel,Hip dysplasia,Ear infections
german_short-haired_pointer,Hip dysplasia,Bloat / gastric torsion
lhasa,progressive retinal atrophy,Cheery eye
golden_retriever,Cardiomyopathy,Elbow Dysplasia
afghan_hound,Hip and Elbow Dysplasia,Eye Problems
great_pyrenees,Neurological Disorders,Hip Dysplasia
otterhound,Epilepsy,Bloating
bernese_mountain_dog,Cancer,Hip and elbow dysplasia
leonberg,Osteosarcoma,Panosteitis
bloodhound,Hip/elbow dysplasia,Heart problems
weimaraner,Hip dysplasia,Bloat
dingo,Bloating,Hip Dysplasia
beagle,Cherry Eye,Epilepsy
sussex_spaniel,Hip dysplasia,Ear infections
toy_poodle,Hip dysplasia,Progressive retinal atrophy
collie,Collie Eye Anomaly,Osteochondritis Dissecans
dandie_dinmont,Glaucoma,Intervertebral Disc Disease
lhasa,progressive retinal atrophy,Cheery eye
shih-tzu,Brachycephalic Syndrome,Eye Problems
weimaraner,Hip dysplasia,Bloat
lhasa,progressive retinal atrophy,Cheery eye
kerry_blue_terrier,dermatitis,Hip dysplasia
malinois,Hip and elbow dysplasia,Progressive Retinal Atrophy
beagle,Cherry Eye,Epilepsy
leonberg,Osteosarcoma,Panosteitis
irish_wolfhound,Dilated Cardiomyopathy,Fibrocartilaginous Embolic Myelopathy
whippet,Mitral valve (heart) disease,Anesthesia sensitivity
cocker_spaniel,Ear infections,Eye diseases
maltese_dog,Heart Problems,Liver Shunt
leonberg,Osteosarcoma,Panosteitis
dandie_dinmont,Glaucoma,Intervertebral Disc Disease
scottish_deerhound,Dilated cardiomyopathy,Cystinuria
beagle,Cherry Eye,Epilepsy
entlebucher,Hip Dysplasia,Entlebucher Urinary Syndrome
curly-coated_retriever,Hip dysplasia,Eye diseases
brabancon_griffon,Luxating Patella,Respiratory Issues
lakeland_terrier,Legg-Calves-Perthes disease,Bleeding Disorders
weimaraner,Hip dysplasia,Bloat
great_dane,Gastric dilatation-volvulus,Dilated cardiomyopathy
dingo,Bloating,Hip Dysplasia
ibizan_hound,Hip dysplasia,Autoimmune thyroiditis
leonberg,Osteosarcoma,Panosteitis
african_hunting_dog,Fanconi syndrome,progressive retinal atrophy
ibizan_hound,Hip dysplasia,Autoimmune thyroiditis
irish_water_spaniel,Lymphoma,Obesity
lhasa,progressive retinal atrophy,Cheery eye
great_pyrenees,Neurological Disorders,Hip Dysplasia
gordon_setter,Bloat,Hypothyroidism
great_pyrenees,Neurological Disorders,Hip Dysplasia
great_pyrenees,Neurological Disorders,Hip Dysplasia
maltese_dog,Heart Problems,Liver Shunt
irish_water_spaniel,Lymphoma,Obesity
chihuahua,Dental Disease,Patellar luxation
beagle,Cherry Eye,Epilepsy
leonberg,Osteosarcoma,Panosteitis
irish_wolfhound,Dilated Cardiomyopathy,Fibrocartilaginous Embolic Myelopathy
african_hunting_dog,Fanconi syndrome,progressive retinal atrophy
beagle,Cherry Eye,Epilepsy
leonberg,Osteosarcoma,Panosteitis
collie,Collie Eye Anomaly,Osteochondritis Dissecans
afghan_hound,Hip and Elbow Dysplasia,Eye Problems
great_dane,Gastric dilatation-volvulus,Dilated cardiomyopathy
african_hunting_dog,Fanconi syndrome,progressive retinal atrophy
otterhound,Epilepsy,Bloating
afghan_hound,Hip and Elbow Dysplasia,Eye Problems
cardigan,Hip and elbow dysplasia,Progressive Retinal Atrophy
dandie_dinmont,Glaucoma,Intervertebral Disc Disease
whippet,Mitral valve (heart) disease,Anesthesia sensitivity
african_hunting_dog,Fanconi syndrome,progressive retinal atrophy
scottish_deerhound,Dilated cardiomyopathy,Cystinuria
beagle,Cherry Eye,Epilepsy
chihuahua,Dental Disease,Patellar luxation
irish_setter,Hip and elbow dysplasia,Bloat
irish_water_spaniel,Lymphoma,Obesity
scotch_terrier,Cancer,Von Willebrand's Disease
irish_water_spaniel,Lymphoma,Obesity
malinois,Hip and elbow dysplasia,Progressive Retinal Atrophy
black-and-tan_coonhound,Hip and elbow dysplasia,Ear infections
dingo,Bloating,Hip Dysplasia
leonberg,Osteosarcoma,Panosteitis
brabancon_griffon,Luxating Patella,Respiratory Issues
irish_setter,Hip and elbow dysplasia,Bloat
leonberg,Osteosarcoma,Panosteitis
sussex_spaniel,Hip dysplasia,Ear infections
shih-tzu,Brachycephalic Syndrome,Eye Problems
redbone,Cancer,Heartworm
norfolk_terrier,Allergies,Cataracts
scottish_deerhound,Dilated cardiomyopathy,Cystinuria
tibetan_terrier,Patellar luxation,Primary lens luxation
whippet,Mitral valve (heart) disease,Anesthesia sensitivity
lakeland_terrier,Legg-Calves-Perthes disease,Bleeding Disorders
beagle,Cherry Eye,Epilepsy
scottish_deerhound,Dilated cardiomyopathy,Cystinuria
dhole,Rabies,Parovirus
leonberg,Osteosarcoma,Panosteitis
cocker_spaniel,Ear infections,Eye diseases
komondor,Hip and elbow dysplasia,Bloat
malamute,Hip and Elbow Dysplasia,Hypothyroidism
irish_setter,Hip and elbow dysplasia,Bloat
norfolk_terrier,Allergies,Cataracts
brabancon_griffon,Luxating Patella,Respiratory Issues
leonberg,Osteosarcoma,Panosteitis
cairn,Genetic kidney problems,Luxating patella
scottish_deerhound,Dilated cardiomyopathy,Cystinuria
miniature_pinscher,Legg-Calve-Perthes Disease,Epilepsy
scottish_deerhound,Dilated cardiomyopathy,Cystinuria
vizsla,Hip dysplasia,Epilepsy
bouvier_des_flandres,Hip dysplasia,Elbow dysplasia
leonberg,Osteosarcoma,Panosteitis
airedale,Hip and elbow dysplasia,Von Willebrand's disease
african_hunting_dog,Fanconi syndrome,progressive retinal atrophy
bouvier_des_flandres,Hip dysplasia,Elbow dysplasia
beagle,Cherry Eye,Epilepsy
irish_setter,Hip and elbow dysplasia,Bloat
norwegian_elkhound,Progressive retinal atrophy,Kidney problems
great_dane,Gastric dilatation-volvulus,Dilated cardiomyopathy
ibizan_hound,Hip dysplasia,Autoimmune thyroiditis
kerry_blue_terrier,dermatitis,Hip dysplasia
dhole,Rabies,Parovirus
cairn,Genetic kidney problems,Luxating patella
shih-tzu,Brachycephalic Syndrome,Eye Problems
appenzeller,Hip and elbow dysplasia,Gastric torsion
beagle,Cherry Eye,Epilepsy
blenheim_spaniel,Mitral valve disease,Syringomyelia
kelpie,Hip Dysplasia,Cerebellar Abiotrophy
irish_wolfhound,Dilated Cardiomyopathy,Fibrocartilaginous Embolic Myelopathy
beagle,Cherry Eye,Epilepsy
norfolk_terrier,Allergies,Cataracts
australian_terrier,Legg-Calve-Perthes disease,Skin sensitivities and allergies
beagle,Cherry Eye,Epilepsy
leonberg,Osteosarcoma,Panosteitis
beagle,Cherry Eye,Epilepsy
great_pyrenees,Neurological Disorders,Hip Dysplasia
black-and-tan_coonhound,Hip and elbow dysplasia,Ear infections
scottish_deerhound,Dilated cardiomyopathy,Cystinuria
scottish_deerhound,Dilated cardiomyopathy,Cystinuria
irish_setter,Hip and elbow dysplasia,Bloat
bouvier_des_flandres,Hip dysplasia,Elbow dysplasia
cairn,Genetic kidney problems,Luxating patella
shih-tzu,Brachycephalic Syndrome,Eye Problems
norfolk_terrier,Allergies,Cataracts
weimaraner,Hip dysplasia,Bloat
weimaraner,Hip dysplasia,Bloat
whippet,Mitral valve (heart) disease,Anesthesia sensitivity
brabancon_griffon,Luxating Patella,Respiratory Issues
cocker_spaniel,Ear infections,Eye diseases
great_pyrenees,Neurological Disorders,Hip Dysplasia
komondor,Hip and elbow dysplasia,Bloat
vizsla,Hip dysplasia,Epilepsy
dhole,Rabies,Parovirus
dingo,Bloating,Hip Dysplasia
shih-tzu,Brachycephalic Syndrome,Eye Problems
great_pyrenees,Neurological Disorders,Hip Dysplasia
cocker_spaniel,Ear infections,Eye diseases
gordon_setter,Bloat,Hypothyroidism
rhodesian_ridgeback,Dermoid sinus,Hip dysplasia
shih-tzu,Brachycephalic Syndrome,Eye Problems
irish_wolfhound,Dilated Cardiomyopathy,Fibrocartilaginous Embolic Myelopathy
irish_water_spaniel,Lymphoma,Obesity
bluetick,Bloating,Progressive retinal atrophy
irish_water_spaniel,Lymphoma,Obesity
dandie_dinmont,Glaucoma,Intervertebral Disc Disease
boston_bull,Hip Dysplasia,Digestive Issues
great_pyrenees,Neurological Disorders,Hip Dysplasia
bouvier_des_flandres,Hip dysplasia,Elbow dysplasia
sussex_spaniel,Hip dysplasia,Ear infections
norfolk_terrier,Allergies,Cataracts
norfolk_terrier,Allergies,Cataracts
leonberg,Osteosarcoma,Panosteitis
kerry_blue_terrier,dermatitis,Hip dysplasia
malamute,Hip and Elbow Dysplasia,Hypothyroidism
bouvier_des_flandres,Hip dysplasia,Elbow dysplasia
whippet,Mitral valve (heart) disease,Anesthesia sensitivity
leonberg,Osteosarcoma,Panosteitis
cocker_spaniel,Ear infections,Eye diseases
shih-tzu,Brachycephalic Syndrome,Eye Problems
dingo,Bloating,Hip Dysplasia
komondor,Hip and elbow dysplasia,Bloat
kerry_blue_terrier,dermatitis,Hip dysplasia
cairn,Genetic kidney problems,Luxating patella
irish_water_spaniel,Lymphoma,Obesity
australian_terrier,Legg-Calve-Perthes disease,Skin sensitivities and allergies
scottish_deerhound,Dilated cardiomyopathy,Cystinuria
gordon_setter,Bloat,Hypothyroidism
beagle,Cherry Eye,Epilepsy
gordon_setter,Bloat,Hypothyroidism
gordon_setter,Bloat,Hypothyroidism
bernese_mountain_dog,Cancer,Hip and elbow dysplasia
kerry_blue_terrier,dermatitis,Hip dysplasia
chihuahua,Dental Disease,Patellar luxation
welsh_springer_spaniel,Hip and elbow dysplasia,Ear infections
airedale,Hip and elbow dysplasia,Von Willebrand's disease
scottish_deerhound,Dilated cardiomyopathy,Cystinuria
shih-tzu,Brachycephalic Syndrome,Eye Problems
whippet,Mitral valve (heart) disease,Anesthesia sensitivity
irish_water_spaniel,Lymphoma,Obesity
african_hunting_dog,Fanconi syndrome,progressive retinal atrophy
german_short-haired_pointer,Hip dysplasia,Bloat / gastric torsion
bouvier_des_flandres,Hip dysplasia,Elbow dysplasia
african_hunting_dog,Fanconi syndrome,progressive retinal atrophy
norfolk_terrier,Allergies,Cataracts
maltese_dog,Heart Problems,Liver Shunt
komondor,Hip and elbow dysplasia,Bloat
african_hunting_dog,Fanconi syndrome,progressive retinal atrophy
saint_bernard,Diabetes,Degenerative Myelopathy
cocker_spaniel,Ear infections,Eye diseases
whippet,Mitral valve (heart) disease,Anesthesia sensitivity
gordon_setter,Bloat,Hypothyroidism
curly-coated_retriever,Hip dysplasia,Eye diseases
scottish_deerhound,Dilated cardiomyopathy,Cystinuria
welsh_springer_spaniel,Hip and elbow dysplasia,Ear infections
weimaraner,Hip dysplasia,Bloat
welsh_springer_spaniel,Hip and elbow dysplasia,Ear infections
irish_wolfhound,Dilated Cardiomyopathy,Fibrocartilaginous Embolic Myelopathy
silky_terrier,Patellar luxation,Tracheal collapse
weimaraner,Hip dysplasia,Bloat
irish_wolfhound,Dilated Cardiomyopathy,Fibrocartilaginous Embolic Myelopathy
norfolk_terrier,Allergies,Cataracts
bouvier_des_flandres,Hip dysplasia,Elbow dysplasia
great_dane,Gastric dilatation-volvulus,Dilated cardiomyopathy
cocker_spaniel,Ear infections,Eye diseases
whippet,Mitral valve (heart) disease,Anesthesia sensitivity
black-and-tan_coonhound,Hip and elbow dysplasia,Ear infections
great_pyrenees,Neurological Disorders,Hip Dysplasia
pomeranian,Tracheal collapse,Patellar luxation
beagle,Cherry Eye,Epilepsy
gordon_setter,Bloat,Hypothyroidism
kuvasz,Progressive retinal atrophy,Bloat
bull_mastiff,Skeletal and joint problems,Cancer
leonberg,Osteosarcoma,Panosteitis
blenheim_spaniel,Mitral valve disease,Syringomyelia
ibizan_hound,Hip dysplasia,Autoimmune thyroiditis
german_short-haired_pointer,Hip dysplasia,Bloat / gastric torsion
lhasa,progressive retinal atrophy,Cheery eye
australian_terrier,Legg-Calve-Perthes disease,Skin sensitivities and allergies
kerry_blue_terrier,dermatitis,Hip dysplasia
whippet,Mitral valve (heart) disease,Anesthesia sensitivity
siberian_husky,Seizures,Progressive Retinal Atrophy
kerry_blue_terrier,dermatitis,Hip dysplasia
scottish_deerhound,Dilated cardiomyopathy,Cystinuria
malamute,Hip and Elbow Dysplasia,Hypothyroidism
brabancon_griffon,Luxating Patella,Respiratory Issues
sussex_spaniel,Hip dysplasia,Ear infections
african_hunting_dog,Fanconi syndrome,progressive retinal atrophy
great_pyrenees,Neurological Disorders,Hip Dysplasia
irish_setter,Hip and elbow dysplasia,Bloat
sussex_spaniel,Hip dysplasia,Ear infections
ibizan_hound,Hip dysplasia,Autoimmune thyroiditis
great_dane,Gastric dilatation-volvulus,Dilated cardiomyopathy
irish_water_spaniel,Lymphoma,Obesity
irish_setter,Hip and elbow dysplasia,Bloat
leonberg,Osteosarcoma,Panosteitis
great_pyrenees,Neurological Disorders,Hip Dysplasia
scottish_deerhound,Dilated cardiomyopathy,Cystinuria
cardigan,Hip and elbow dysplasia,Progressive Retinal Atrophy
irish_water_spaniel,Lymphoma,Obesity
whippet,Mitral valve (heart) disease,Anesthesia sensitivity
bouvier_des_flandres,Hip dysplasia,Elbow dysplasia
great_pyrenees,Neurological Disorders,Hip Dysplasia
old_english_sheepdog,Hip Dysplasia,Progressive Retinal Atrophy
bloodhound,Hip/elbow dysplasia,Heart problems
lhasa,progressive retinal atrophy,Cheery eye
shih-tzu,Brachycephalic Syndrome,Eye Problems
whippet,Mitral valve (heart) disease,Anesthesia sensitivity
komondor,Hip and elbow dysplasia,Bloat
cardigan,Hip and elbow dysplasia,Progressive Retinal Atrophy
cocker_spaniel,Ear infections,Eye diseases
scottish_deerhound,Dilated cardiomyopathy,Cystinuria
gordon_setter,Bloat,Hypothyroidism
weimaraner,Hip dysplasia,Bloat
chihuahua,Dental Disease,Patellar luxation
sussex_spaniel,Hip dysplasia,Ear infections
tibetan_terrier,Patellar luxation,Primary lens luxation
gordon_setter,Bloat,Hypothyroidism
bernese_mountain_dog,Cancer,Hip and elbow dysplasia
weimaraner,Hip dysplasia,Bloat
gordon_setter,Bloat,Hypothyroidism
walker_hound,Degenerative Myelopathy,Ectropion
weimaraner,Hip dysplasia,Bloat
chihuahua,Dental Disease,Patellar luxation
cairn,Genetic kidney problems,Luxating patella
flat-coated_retriever,Histiocytic Sarcoma,Hip Dysplasia
african_hunting_dog,Fanconi syndrome,progressive retinal atrophy
beagle,Cherry Eye,Epilepsy
bloodhound,Hip/elbow dysplasia,Heart problems
beagle,Cherry Eye,Epilepsy
bloodhound,Hip/elbow dysplasia,Heart problems
pomeranian,Tracheal collapse,Patellar luxation
shih-tzu,Brachycephalic Syndrome,Eye Problems
cairn,Genetic kidney problems,Luxating patella
pomeranian,Tracheal collapse,Patellar luxation
sussex_spaniel,Hip dysplasia,Ear infections
sussex_spaniel,Hip dysplasia,Ear infections
australian_terrier,Legg-Calve-Perthes disease,Skin sensitivities and allergies
kerry_blue_terrier,dermatitis,Hip dysplasia
dhole,Rabies,Parovirus
chihuahua,Dental Disease,Patellar luxation
shih-tzu,Brachycephalic Syndrome,Eye Problems
sussex_spaniel,Hip dysplasia,Ear infections
dingo,Bloating,Hip Dysplasia
afghan_hound,Hip and Elbow Dysplasia,Eye Problems
bernese_mountain_dog,Cancer,Hip and elbow dysplasia
dingo,Bloating,Hip Dysplasia
weimaraner,Hip dysplasia,Bloat
cairn,Genetic kidney problems,Luxating patella
cairn,Genetic kidney problems,Luxating patella
bloodhound,Hip/elbow dysplasia,Heart problems
staffordshire_bullterrier,Luxating Patella,Hip Dysplasia
afghan_hound,Hip and Elbow Dysplasia,Eye Problems
saint_bernard,Diabetes,Degenerative Myelopathy
leonberg,Osteosarcoma,Panosteitis
bloodhound,Hip/elbow dysplasia,Heart problems
boston_bull,Hip Dysplasia,Digestive Issues
african_hunting_dog,Fanconi syndrome,progressive retinal atrophy
brabancon_griffon,Luxating Patella,Respiratory Issues
border_terrier,GBM,Cushing’s disease
norfolk_terrier,Allergies,Cataracts
scottish_deerhound,Dilated cardiomyopathy,Cystinuria
beagle,Cherry Eye,Epilepsy
whippet,Mitral valve (heart) disease,Anesthesia sensitivity
african_hunting_dog,Fanconi syndrome,progressive retinal atrophy
airedale,Hip and elbow dysplasia,Von Willebrand's disease
african_hunting_dog,Fanconi syndrome,progressive retinal atrophy
kerry_blue_terrier,dermatitis,Hip dysplasia
african_hunting_dog,Fanconi syndrome,progressive retinal atrophy
italian_greyhound,Dental Disease,Eye Problems
cairn,Genetic kidney problems,Luxating patella
leonberg,Osteosarcoma,Panosteitis
vizsla,Hip dysplasia,Epilepsy
gordon_setter,Bloat,Hypothyroidism
kerry_blue_terrier,dermatitis,Hip dysplasia
leonberg,Osteosarcoma,Panosteitis
saint_bernard,Diabetes,Degenerative Myelopathy
beagle,Cherry Eye,Epilepsy
dingo,Bloating,Hip Dysplasia
great_dane,Gastric dilatation-volvulus,Dilated cardiomyopathy
miniature_schnauzer,Hyperlipidemia,Urinary Stones
standard_schnauzer,Hypothyroidism,Hemophilia
leonberg,Osteosarcoma,Panosteitis
staffordshire_bullterrier,Luxating Patella,Hip Dysplasia
gordon_setter,Bloat,Hypothyroidism
african_hunting_dog,Fanconi syndrome,progressive retinal atrophy
lakeland_terrier,Legg-Calves-Perthes disease,Bleeding Disorders
bernese_mountain_dog,Cancer,Hip and elbow dysplasia
whippet,Mitral valve (heart) disease,Anesthesia sensitivity
great_pyrenees,Neurological Disorders,Hip Dysplasia
tibetan_terrier,Patellar luxation,Primary lens luxation
welsh_springer_spaniel,Hip and elbow dysplasia,Ear infections
eskimo_dog,Hip Dysplasia,Progressive Retinal Atrophy
bouvier_des_flandres,Hip dysplasia,Elbow dysplasia
dhole,Rabies,Parovirus
great_dane,Gastric dilatation-volvulus,Dilated cardiomyopathy
australian_terrier,Legg-Calve-Perthes disease,Skin sensitivities and allergies
afghan_hound,Hip and Elbow Dysplasia,Eye Problems
chow,Hip Dysplasia,Brachycephalic Airway Syndrome
shetland_sheepdog,Von Willebrand’s disease,Legg-Calve-Perthes disease
gordon_setter,Bloat,Hypothyroidism
weimaraner,Hip dysplasia,Bloat
gordon_setter,Bloat,Hypothyroidism
scottish_deerhound,Dilated cardiomyopathy,Cystinuria
leonberg,Osteosarcoma,Panosteitis
cocker_spaniel,Ear infections,Eye diseases
chow,Hip Dysplasia,Brachycephalic Airway Syndrome
shih-tzu,Brachycephalic Syndrome,Eye Problems
chihuahua,Dental Disease,Patellar luxation
irish_water_spaniel,Lymphoma,Obesity
irish_wolfhound,Dilated Cardiomyopathy,Fibrocartilaginous Embolic Myelopathy
gordon_setter,Bloat,Hypothyroidism
english_setter,Bloat,Deafness
staffordshire_bullterrier,Luxating Patella,Hip Dysplasia
beagle,Cherry Eye,Epilepsy
irish_water_spaniel,Lymphoma,Obesity
leonberg,Osteosarcoma,Panosteitis
dandie_dinmont,Glaucoma,Intervertebral Disc Disease
irish_water_spaniel,Lymphoma,Obesity
gordon_setter,Bloat,Hypothyroidism
brabancon_griffon,Luxating Patella,Respiratory Issues
beagle,Cherry Eye,Epilepsy
italian_greyhound,Dental Disease,Eye Problems
leonberg,Osteosarcoma,Panosteitis
beagle,Cherry Eye,Epilepsy
cairn,Genetic kidney problems,Luxating patella
rhodesian_ridgeback,Dermoid sinus,Hip dysplasia
cocker_spaniel,Ear infections,Eye diseases
redbone,Cancer,Heartworm
chow,Hip Dysplasia,Brachycephalic Airway Syndrome
dingo,Bloating,Hip Dysplasia
irish_setter,Hip and elbow dysplasia,Bloat
silky_terrier,Patellar luxation,Tracheal collapse
redbone,Cancer,Heartworm
siberian_husky,Seizures,Progressive Retinal Atrophy
bouvier_des_flandres,Hip dysplasia,Elbow dysplasia
afghan_hound,Hip and Elbow Dysplasia,Eye Problems
beagle,Cherry Eye,Epilepsy
rhodesian_ridgeback,Dermoid sinus,Hip dysplasia
scottish_deerhound,Dilated cardiomyopathy,Cystinuria
bloodhound,Hip/elbow dysplasia,Heart problems
beagle,Cherry Eye,Epilepsy
leonberg,Osteosarcoma,Panosteitis
great_pyrenees,Neurological Disorders,Hip Dysplasia
scottish_deerhound,Dilated cardiomyopathy,Cystinuria
irish_setter,Hip and elbow dysplasia,Bloat
australian_terrier,Legg-Calve-Perthes disease,Skin sensitivities and allergies
pembroke,Hip dysplasia,Intervertebral disc disease
shih-tzu,Brachycephalic Syndrome,Eye Problems
bouvier_des_flandres,Hip dysplasia,Elbow dysplasia
norfolk_terrier,Allergies,Cataracts
norfolk_terrier,Allergies,Cataracts
rhodesian_ridgeback,Dermoid sinus,Hip dysplasia
sussex_spaniel,Hip dysplasia,Ear infections
silky_terrier,Patellar luxation,Tracheal collapse
leonberg,Osteosarcoma,Panosteitis
norfolk_terrier,Allergies,Cataracts
irish_setter,Hip and elbow dysplasia,Bloat
miniature_schnauzer,Hyperlipidemia,Urinary Stones
bouvier_des_flandres,Hip dysplasia,Elbow dysplasia
australian_terrier,Legg-Calve-Perthes disease,Skin sensitivities and allergies
beagle,Cherry Eye,Epilepsy
beagle,Cherry Eye,Epilepsy
dingo,Bloating,Hip Dysplasia
malamute,Hip and Elbow Dysplasia,Hypothyroidism
kerry_blue_terrier,dermatitis,Hip dysplasia
affenpinscher,patellar luxation,Hip Dysplasia
whippet,Mitral valve (heart) disease,Anesthesia sensitivity
great_pyrenees,Neurological Disorders,Hip Dysplasia
kerry_blue_terrier,dermatitis,Hip dysplasia
great_pyrenees,Neurological Disorders,Hip Dysplasia
cocker_spaniel,Ear infections,Eye diseases
beagle,Cherry Eye,Epilepsy
afghan_hound,Hip and Elbow Dysplasia,Eye Problems
chihuahua,Dental Disease,Patellar luxation
dingo,Bloating,Hip Dysplasia
dingo,Bloating,Hip Dysplasia
bloodhound,Hip/elbow dysplasia,Heart problems
dingo,Bloating,Hip Dysplasia
scottish_deerhound,Dilated cardiomyopathy,Cystinuria
great_pyrenees,Neurological Disorders,Hip Dysplasia
brabancon_griffon,Luxating Patella,Respiratory Issues
leonberg,Osteosarcoma,Panosteitis
beagle,Cherry Eye,Epilepsy
leonberg,Osteosarcoma,Panosteitis
kerry_blue_terrier,dermatitis,Hip dysplasia
dingo,Bloating,Hip Dysplasia
irish_water_spaniel,Lymphoma,Obesity
irish_water_spaniel,Lymphoma,Obesity
silky_terrier,Patellar luxation,Tracheal collapse
chihuahua,Dental Disease,Patellar luxation
scottish_deerhound,Dilated cardiomyopathy,Cystinuria
weimaraner,Hip dysplasia,Bloat
bernese_mountain_dog,Cancer,Hip and elbow dysplasia
irish_wolfhound,Dilated Cardiomyopathy,Fibrocartilaginous Embolic Myelopathy
komondor,Hip and elbow dysplasia,Bloat
chihuahua,Dental Disease,Patellar luxation
sealyham_terrier,Primary lens luxation,Intervertebral disc disease
bouvier_des_flandres,Hip dysplasia,Elbow dysplasia
shih-tzu,Brachycephalic Syndrome,Eye Problems
brabancon_griffon,Luxating Patella,Respiratory Issues
cairn,Genetic kidney problems,Luxating patella
leonberg,Osteosarcoma,Panosteitis
bluetick,Bloating,Progressive retinal atrophy
great_pyrenees,Neurological Disorders,Hip Dysplasia
lakeland_terrier,Legg-Calves-Perthes disease,Bleeding Disorders
border_terrier,GBM,Cushing’s disease
great_pyrenees,Neurological Disorders,Hip Dysplasia
shih-tzu,Brachycephalic Syndrome,Eye Problems
african_hunting_dog,Fanconi syndrome,progressive retinal atrophy
great_pyrenees,Neurological Disorders,Hip Dysplasia
shih-tzu,Brachycephalic Syndrome,Eye Problems
dingo,Bloating,Hip Dysplasia
bouvier_des_flandres,Hip dysplasia,Elbow dysplasia
irish_water_spaniel,Lymphoma,Obesity
pomeranian,Tracheal collapse,Patellar luxation
great_pyrenees,Neurological Disorders,Hip Dysplasia
malamute,Hip and Elbow Dysplasia,Hypothyroidism
dingo,Bloating,Hip Dysplasia
shih-tzu,Brachycephalic Syndrome,Eye Problems
whippet,Mitral valve (heart) disease,Anesthesia sensitivity
beagle,Cherry Eye,Epilepsy
dhole,Rabies,Parovirus
whippet,Mitral valve (heart) disease,Anesthesia sensitivity
afghan_hound,Hip and Elbow Dysplasia,Eye Problems
border_terrier,GBM,Cushing’s disease
weimaraner,Hip dysplasia,Bloat
african_hunting_dog,Fanconi syndrome,progressive retinal atrophy
rhodesian_ridgeback,Dermoid sinus,Hip dysplasia
scottish_deerhound,Dilated cardiomyopathy,Cystinuria
malamute,Hip and Elbow Dysplasia,Hypothyroidism
norfolk_terrier,Allergies,Cataracts
kerry_blue_terrier,dermatitis,Hip dysplasia
irish_water_spaniel,Lymphoma,Obesity
australian_terrier,Legg-Calve-Perthes disease,Skin sensitivities and allergies
great_pyrenees,Neurological Disorders,Hip Dysplasia
rhodesian_ridgeback,Dermoid sinus,Hip dysplasia
african_hunting_dog,Fanconi syndrome,progressive retinal atrophy
dingo,Bloating,Hip Dysplasia
bloodhound,Hip/elbow dysplasia,Heart problems
bloodhound,Hip/elbow dysplasia,Heart problems
dhole,Rabies,Parovirus
norfolk_terrier,Allergies,Cataracts
beagle,Cherry Eye,Epilepsy
black-and-tan_coonhound,Hip and elbow dysplasia,Ear infections
irish_setter,Hip and elbow dysplasia,Bloat
beagle,Cherry Eye,Epilepsy
leonberg,Osteosarcoma,Panosteitis
gordon_setter,Bloat,Hypothyroidism
great_dane,Gastric dilatation-volvulus,Dilated cardiomyopathy
chihuahua,Dental Disease,Patellar luxation
chihuahua,Dental Disease,Patellar luxation
beagle,Cherry Eye,Epilepsy
irish_water_spaniel,Lymphoma,Obesity
dingo,Bloating,Hip Dysplasia
irish_setter,Hip and elbow dysplasia,Bloat
dingo,Bloating,Hip Dysplasia
australian_terrier,Legg-Calve-Perthes disease,Skin sensitivities and allergies
shih-tzu,Brachycephalic Syndrome,Eye Problems
whippet,Mitral valve (heart) disease,Anesthesia sensitivity
leonberg,Osteosarcoma,Panosteitis
beagle,Cherry Eye,Epilepsy
norfolk_terrier,Allergies,Cataracts
japanese_spaniel,Brachycephalic airway syndrome,Patellar luxation
komondor,Hip and elbow dysplasia,Bloat
australian_terrier,Legg-Calve-Perthes disease,Skin sensitivities and allergies
great_pyrenees,Neurological Disorders,Hip Dysplasia
irish_wolfhound,Dilated Cardiomyopathy,Fibrocartilaginous Embolic Myelopathy
black-and-tan_coonhound,Hip and elbow dysplasia,Ear infections
sussex_spaniel,Hip dysplasia,Ear infections
cocker_spaniel,Ear infections,Eye diseases
australian_terrier,Legg-Calve-Perthes disease,Skin sensitivities and allergies
beagle,Cherry Eye,Epilepsy
bloodhound,Hip/elbow dysplasia,Heart problems
bouvier_des_flandres,Hip dysplasia,Elbow dysplasia
shih-tzu,Brachycephalic Syndrome,Eye Problems
bloodhound,Hip/elbow dysplasia,Heart problems
great_pyrenees,Neurological Disorders,Hip Dysplasia
sussex_spaniel,Hip dysplasia,Ear infections
sussex_spaniel,Hip dysplasia,Ear infections
african_hunting_dog,Fanconi syndrome,progressive retinal atrophy
pomeranian,Tracheal collapse,Patellar luxation
irish_setter,Hip and elbow dysplasia,Bloat
rhodesian_ridgeback,Dermoid sinus,Hip dysplasia
norfolk_terrier,Allergies,Cataracts
airedale,Hip and elbow dysplasia,Von Willebrand's disease
